iso3c,year,renewable_pct,delta_renewable,country,iso2c,gdp_pc,population,energy_imports,fdi,trade,post_war,covid,fossil_pct_avg,imports_avg,gdp_postwar,fossil_postwar,imports_postwar,import_dependent,energy_use,energy_use_avg,wind_solar_pct,co2_intensity_avg,hydro_dummy,gdp_2019,income_group,co2_high,did_co2,polity_avg,democracy_dummy
AFG,2015,87.29,NA,Afghanistan,AF,565.5697304,33831764,NA,0.884000463,NA,0,0,12.92142857,NA,0,0,NA,NA,NA,NA,2.54,119.72,1,496.6025043,Low Income,0,0,-1,0
AFG,2016,87.61,0.32,Afghanistan,AF,522.0822156,34700612,NA,0.516606085,NA,0,0,12.92142857,NA,0,0,NA,NA,NA,NA,3.31,119.72,1,496.6025043,Low Income,0,0,-1,0
AFG,2017,86.5,-1.11,Afghanistan,AF,525.4697709,35688935,NA,0.274796792,NA,0,0,12.92142857,NA,0,0,NA,NA,NA,NA,3.17,119.72,1,496.6025043,Low Income,0,0,-1,0
AFG,2018,82.91,-3.59,Afghanistan,AF,491.3372214,36743039,NA,0.661572218,NA,0,0,12.92142857,NA,0,0,NA,NA,NA,NA,3.42,119.72,1,496.6025043,Low Income,0,0,-1,0
AFG,2019,87.67,4.76,Afghanistan,AF,496.6025043,37856121,NA,0.124495985,NA,0,0,12.92142857,NA,0,0,NA,NA,NA,NA,4.11,119.72,1,496.6025043,Low Income,0,0,-1,0
AFG,2020,89.83,2.16,Afghanistan,AF,510.7870634,39068979,NA,0.064993957,46.70989455,0,1,12.92142857,NA,0,0,NA,NA,NA,NA,5.93,119.72,1,496.6025043,Low Income,0,0,-1,0
AFG,2021,87.74,-2.09,Afghanistan,AF,356.4962141,40000412,NA,0.144466947,51.41171637,0,1,12.92142857,NA,0,0,NA,NA,NA,NA,7.55,119.72,1,496.6025043,Low Income,0,0,-1,0
AFG,2022,86.46,-1.28,Afghanistan,AF,357.2611528,40578842,NA,NA,72.88546961,1,0,12.92142857,NA,357.2611528,12.92142857,NA,NA,NA,NA,9.38,119.72,1,496.6025043,Low Income,0,0,-1,0
AFG,2023,86.6,0.14,Afghanistan,AF,413.7578947,41454761,NA,NA,67.58466515,1,0,12.92142857,NA,413.7578947,12.92142857,NA,NA,NA,NA,9.28,119.72,1,496.6025043,Low Income,0,0,-1,0
AFG,2024,86.87,0.27,Afghanistan,AF,NA,42647492,NA,NA,NA,1,0,12.92142857,NA,NA,12.92142857,NA,NA,NA,NA,11.11,119.72,1,496.6025043,Low Income,0,0,-1,0
AGO,2015,54.6,NA,Angola,AO,3641.728939,28157798,-568.8909978,9.77951545,54.97938088,0,0,30.24714286,-518.3922894,0,0,0,0,543.360924,462.7672432,0.2,212.8757143,0,2493.678844,Lower Middle Income,0,0,-2,0
AGO,2016,58.56,3.96,Angola,AO,2051.814621,29183070,-599.5433419,-0.299804386,47.01556614,0,0,30.24714286,-518.3922894,0,0,0,0,487.9489735,462.7672432,0.18,212.8757143,0,2493.678844,Lower Middle Income,0,0,-2,0
AGO,2017,71.42,12.86,Angola,AO,2790.718869,30234839,-564.3848791,-8.766963802,45.66434235,0,0,30.24714286,-518.3922894,0,0,0,0,481.0003578,462.7672432,0.19,212.8757143,0,2493.678844,Lower Middle Income,0,0,-2,0
AGO,2018,79.45,8.03,Angola,AO,2860.093648,31297155,-558.3507714,-7.212462161,58.91648008,0,0,30.24714286,-518.3922894,0,0,0,0,428.6399101,462.7672432,0.15,212.8757143,0,2493.678844,Lower Middle Income,0,0,-2,0
AGO,2019,73.21,-6.24,Angola,AO,2493.678844,32375632,-488.9328427,-5.076494402,60.71482433,0,0,30.24714286,-518.3922894,0,0,0,0,444.1834636,462.7672432,0.13,212.8757143,0,2493.678844,Lower Middle Income,0,0,-2,0
AGO,2020,75.61,2.4,Angola,AO,1759.356199,33451132,-474.8465608,-3.171436208,54.34422868,0,1,30.24714286,-518.3922894,0,0,0,0,423.4905038,462.7672432,0.12,212.8757143,0,2493.678844,Lower Middle Income,0,0,-2,0
AGO,2021,75.43,-0.18,Angola,AO,2303.908127,34532429,-373.7966323,-5.474034094,61.52621367,0,1,30.24714286,-518.3922894,0,0,0,0,430.7465695,462.7672432,0.12,212.8757143,0,2493.678844,Lower Middle Income,0,0,-2,0
AGO,2022,75.56,0.13,Angola,AO,3682.113151,35635029,-353.9718194,-5.028992886,55.25477327,1,0,30.24714286,-518.3922894,3682.113151,30.24714286,-518.3922894,0,NA,462.7672432,2.25,212.8757143,0,2493.678844,Lower Middle Income,0,0,-2,0
AGO,2023,74.04,-1.52,Angola,AO,2916.136633,36749906,NA,-1.977863902,53.03348363,1,0,30.24714286,-518.3922894,2916.136633,30.24714286,-518.3922894,0,NA,462.7672432,2.48,212.8757143,0,2493.678844,Lower Middle Income,0,0,-2,0
AGO,2024,73.7,-0.34,Angola,AO,2665.874448,37885849,NA,-1.098688117,50.84223056,1,0,30.24714286,-518.3922894,2665.874448,30.24714286,-518.3922894,0,NA,462.7672432,2.82,212.8757143,0,2493.678844,Lower Middle Income,0,0,-2,0
ALB,2015,100,NA,Albania,AL,4199.539129,2731293,12.69646178,8.62740637,71.27944766,0,0,0,26.55591955,0,0,0,1,803.9874481,874.5783941,0,23.66142857,1,6069.439031,Upper Middle Income,0,0,9,1
ALB,2016,100,0,Albania,AL,4457.634122,2689469,20.27235463,8.711472254,74.01445045,0,0,0,26.55591955,0,0,0,1,840.6193636,874.5783941,0,23.66142857,1,6069.439031,Upper Middle Income,0,0,9,1
ALB,2017,100,0,Albania,AL,5006.36013,2648285,38.83360053,7.714113363,76.78738179,0,0,0,26.55591955,0,0,0,1,894.4663996,874.5783941,0,23.66142857,1,6069.439031,Upper Middle Income,0,0,9,1
ALB,2018,100,0,Albania,AL,5897.654526,2607733,21.26948775,7.831091461,75.69407837,0,0,0,26.55591955,0,0,0,1,904.7397747,874.5783941,0,23.66142857,1,6069.439031,Upper Middle Income,0,0,9,1
ALB,2019,100,0,Albania,AL,6069.439031,2567801,32.23180273,7.70621465,75.38212893,0,0,0,26.55591955,0,0,0,1,908.3172527,874.5783941,0.38,23.66142857,1,6069.439031,Upper Middle Income,0,0,9,1
ALB,2020,100,0,Albania,AL,6027.913507,2528480,36.46997747,7.018651545,59.52069944,0,1,0,26.55591955,0,0,0,1,855.1855942,874.5783941,0.56,23.66142857,1,6069.439031,Upper Middle Income,0,0,9,1
ALB,2021,100,0,Albania,AL,7242.455131,2489762,24.11775193,6.75791458,75.59040409,0,1,0,26.55591955,0,0,0,1,914.7329255,874.5783941,0.45,23.66142857,1,6069.439031,Upper Middle Income,0,0,9,1
ALB,2022,100,0,Albania,AL,7756.961887,2451636,32.2763968,7.579340429,84.69804359,1,0,0,26.55591955,7756.961887,0,26.55591955,1,NA,874.5783941,2.3,23.66142857,1,6069.439031,Upper Middle Income,0,0,9,1
ALB,2023,100,0,Albania,AL,9730.869219,2414095,22.70155902,6.900369509,82.3524934,1,0,0,26.55591955,9730.869219,0,26.55591955,1,NA,874.5783941,3.33,23.66142857,1,6069.439031,Upper Middle Income,0,0,9,1
ALB,2024,100,0,Albania,AL,11377.77574,2377128,NA,6.323494661,79.45463608,1,0,0,26.55591955,11377.77574,0,26.55591955,1,NA,874.5783941,4.08,23.66142857,1,6069.439031,Upper Middle Income,0,0,9,1
ARG,2015,23.68,NA,Argentina,AR,13679.6265,43477012,13.54778099,1.977134618,22.48622609,0,0,70.63,8.151553042,0,0,0,1,1919.758592,1804.869716,0.42,413.9228571,0,9955.974787,Upper Middle Income,0,0,9,1
ARG,2016,21.39,-2.29,Argentina,AR,12699.96231,43900313,11.99936896,0.584748941,26.09388785,0,0,70.63,8.151553042,0,0,0,1,1889.870189,1804.869716,0.38,413.9228571,0,9955.974787,Upper Middle Income,0,0,9,1
ARG,2017,23.12,1.73,Argentina,AR,14532.50093,44288894,13.21891469,1.789365041,25.28960114,0,0,70.63,8.151553042,0,0,0,1,1874.829637,1804.869716,0.43,413.9228571,0,9955.974787,Upper Middle Income,0,0,9,1
ARG,2018,23.99,0.87,Argentina,AR,11752.79989,44654882,8.608755323,2.232531577,30.76253595,0,0,70.63,8.151553042,0,0,0,1,1806.776235,1804.869716,1.03,413.9228571,0,9955.974787,Upper Middle Income,0,0,9,1
ARG,2019,24.92,0.93,Argentina,AR,9955.974787,44973465,2.49167708,1.485006876,32.63061505,0,0,70.63,8.151553042,0,0,0,1,1777.415077,1804.869716,4.15,413.9228571,0,9955.974787,Upper Middle Income,0,0,9,1
ARG,2020,25.32,0.4,Argentina,AR,8535.59938,45191965,1.228006169,1.266169243,30.20369881,0,1,70.63,8.151553042,0,0,0,1,1623.924508,1804.869716,7.44,413.9228571,0,9955.974787,Upper Middle Income,0,0,9,1
ARG,2021,24.19,-1.13,Argentina,AR,10738.01792,45312281,5.966368089,1.368380832,33.07868957,0,1,70.63,8.151553042,0,0,0,1,1741.513772,1804.869716,9.89,413.9228571,0,9955.974787,Upper Middle Income,0,0,9,1
ARG,2022,29.03,4.84,Argentina,AR,13962.18941,45407904,1.958558212,2.398460118,31.58017926,1,0,70.63,8.151553042,13962.18941,70.63,8.151553042,1,NA,1804.869716,11.74,413.9228571,0,9955.974787,Upper Middle Income,0,0,9,1
ARG,2023,34.78,5.75,Argentina,AR,14261.84657,45538401,0.41571453,3.811908799,26.67695125,1,0,70.63,8.151553042,14261.84657,70.63,8.151553042,1,NA,1804.869716,11.96,413.9228571,0,9955.974787,Upper Middle Income,0,0,9,1
ARG,2024,34.37,-0.41,Argentina,AR,13969.78366,45696159,NA,1.824095229,27.92976085,1,0,70.63,8.151553042,13969.78366,70.63,8.151553042,1,NA,1804.869716,13.2,413.9228571,0,9955.974787,Upper Middle Income,0,0,9,1
ARM,2015,28.87,NA,Armenia,AM,3512.393503,3004600,67.62931635,1.744737018,71.68207434,0,0,40.29428571,72.11271948,0,0,0,1,1084.520629,1139.121122,0,244.6785714,0,4597.228874,Upper Middle Income,0,0,5.5,1
ARM,2016,32.82,3.95,Armenia,AM,3524.424769,2992300,68.24480988,3.165367278,76.07796746,0,0,40.29428571,72.11271948,0,0,0,1,1043.097972,1139.121122,0,244.6785714,0,4597.228874,Upper Middle Income,0,0,5.5,1
ARM,2017,29.88,-2.94,Armenia,AM,3869.053739,2979400,68.96056828,2.192573377,87.20237654,0,0,40.29428571,72.11271948,0,0,0,1,1105.96697,1139.121122,0,244.6785714,0,4597.228874,Upper Middle Income,0,0,5.5,1
ARM,2018,30.43,0.55,Armenia,AM,4196.005623,2969000,72.73177392,2.142047834,92.47310702,0,0,40.29428571,72.11271948,0,0,0,1,1072.336825,1139.121122,0.26,244.6785714,0,4597.228874,Upper Middle Income,0,0,5.5,1
ARM,2019,32.18,1.75,Armenia,AM,4597.228874,2962500,74.1707853,0.736345856,97.84700487,0,0,40.29428571,72.11271948,0,0,0,1,1163.092847,1139.121122,0.8,244.6785714,0,4597.228874,Upper Middle Income,0,0,5.5,1
ARM,2020,25.13,-7.05,Armenia,AM,4268.680933,2961500,74.14726654,0.463408851,70.12135714,0,1,40.29428571,72.11271948,0,0,0,1,1233.304559,1139.121122,1.83,244.6785714,0,4597.228874,Upper Middle Income,0,0,5.5,1
ARM,2021,32.26,7.13,Armenia,AM,4685.179971,2962300,78.90451611,2.640142828,79.24890576,0,1,40.29428571,72.11271948,0,0,0,1,1271.528056,1139.121122,3.76,244.6785714,0,4597.228874,Upper Middle Income,0,0,5.5,1
ARM,2022,34.11,1.85,Armenia,AM,6571.974455,2969200,76.87210864,4.999915861,103.8786292,1,0,40.29428571,72.11271948,6571.974455,40.29428571,72.11271948,1,NA,1139.121122,5.26,244.6785714,0,4597.228874,Upper Middle Income,0,0,5.5,1
ARM,2023,27.98,-6.13,Armenia,AM,8159.08721,2964300,NA,2.399592765,123.4187501,1,0,40.29428571,72.11271948,8159.08721,40.29428571,72.11271948,1,NA,1139.121122,8.9,244.6785714,0,4597.228874,Upper Middle Income,0,0,5.5,1
ARM,2024,31.9,3.92,Armenia,AM,8556.21407,3033500,NA,0.506878337,150.0647266,1,0,40.29428571,72.11271948,8556.21407,40.29428571,72.11271948,1,NA,1139.121122,9.75,244.6785714,0,4597.228874,Upper Middle Income,0,0,5.5,1
AZE,2015,6.96,NA,Azerbaijan,AZ,5500.503646,9649341,-311.3727026,7.626068377,72.60150791,0,0,93.08714286,-288.4401185,0,0,0,0,1510.918569,1527.207425,0,665.7157143,0,4805.753718,Upper Middle Income,1,0,-7,0
AZE,2016,8.41,1.45,Azerbaijan,AZ,3880.685228,9757812,-307.1574375,11.88281715,90.07731873,0,0,93.08714286,-288.4401185,0,0,0,0,1480.934283,1527.207425,0.24,665.7157143,0,4805.753718,Upper Middle Income,1,0,-7,0
AZE,2017,7.76,-0.65,Azerbaijan,AZ,4147.198142,9854033,-278.235863,7.016695984,90.40231568,0,0,93.08714286,-288.4401185,0,0,0,0,1478.784184,1527.207425,0.25,665.7157143,0,4805.753718,Upper Middle Income,1,0,-7,0
AZE,2018,7.76,0,Azerbaijan,AZ,4739.794312,9939771,-286.420239,2.977975891,91.67257654,0,0,93.08714286,-288.4401185,0,0,0,0,1471.370276,1527.207425,0.48,665.7157143,0,4805.753718,Upper Middle Income,1,0,-7,0
AZE,2019,6.9,-0.86,Azerbaijan,AZ,4805.753718,10024283,-274.4174565,3.121830561,85.81814541,0,0,93.08714286,-288.4401185,0,0,0,0,1587.784776,1527.207425,0.54,665.7157143,0,4805.753718,Upper Middle Income,1,0,-7,0
AZE,2020,5.13,-1.77,Azerbaijan,AZ,4229.910649,10093121,-274.4606056,1.187903872,72.01786765,0,1,93.08714286,-288.4401185,0,0,0,0,1536.830563,1527.207425,0.58,665.7157143,0,4805.753718,Upper Middle Income,1,0,-7,0
AZE,2021,5.47,0.34,Azerbaijan,AZ,5408.045352,10137750,-287.0165257,-3.114734473,76.28686569,0,1,93.08714286,-288.4401185,0,0,0,0,1623.829324,1527.207425,0.5,665.7157143,0,4805.753718,Upper Middle Income,1,0,-7,0
AZE,2022,6.37,0.9,Azerbaijan,AZ,7770.594223,10141756,-263.1275367,-5.677737106,86.98227325,1,0,93.08714286,-288.4401185,7770.594223,93.08714286,-288.4401185,0,NA,1527.207425,0.49,665.7157143,0,4805.753718,Upper Middle Income,1,1,-7,0
AZE,2023,6.54,0.17,Azerbaijan,AZ,7133.02838,10153958,-255.9591093,0.349083721,83.53588612,1,0,93.08714286,-288.4401185,7133.02838,93.08714286,-288.4401185,0,NA,1527.207425,0.52,665.7157143,0,4805.753718,Upper Middle Income,1,1,-7,0
AZE,2024,11.75,5.21,Azerbaijan,AZ,7283.849908,10202830,NA,0.311206693,82.68986916,1,0,93.08714286,-288.4401185,7283.849908,93.08714286,-288.4401185,0,NA,1527.207425,0.61,665.7157143,0,4805.753718,Upper Middle Income,1,1,-7,0
BDI,2015,83.34,NA,Burundi,BI,254.4025852,11047580,NA,0.264702988,NA,0,0,23.88714286,NA,0,0,NA,NA,NA,NA,0,174.9342857,1,234.3106159,Low Income,0,0,-1,0
BDI,2016,88.9,5.56,Burundi,BI,232.9378121,11239451,NA,0.002104727,NA,0,0,23.88714286,NA,0,0,NA,NA,NA,NA,5.56,174.9342857,1,234.3106159,Low Income,0,0,-1,0
BDI,2017,75,-13.9,Burundi,BI,246.0607257,11506762,NA,2.307010196,NA,0,0,23.88714286,NA,0,0,NA,NA,NA,NA,3.57,174.9342857,1,234.3106159,Low Income,0,0,-1,0
BDI,2018,71.43,-3.57,Burundi,BI,245.6616783,11859446,NA,0.228727115,NA,0,0,23.88714286,NA,0,0,NA,NA,NA,NA,0,174.9342857,1,234.3106159,Low Income,0,0,-1,0
BDI,2019,69.23,-2.2,Burundi,BI,234.3106159,12255336,NA,1.054510975,NA,0,0,23.88714286,NA,0,0,NA,NA,NA,NA,0,174.9342857,1,234.3106159,Low Income,0,0,-1,0
BDI,2020,75.67,6.44,Burundi,BI,255.8324539,12617036,NA,0.656677741,NA,0,1,23.88714286,NA,0,0,NA,NA,NA,NA,0,174.9342857,1,234.3106159,Low Income,0,0,-1,0
BDI,2021,69.23,-6.44,Burundi,BI,264.9803793,12965481,NA,0.650589005,NA,0,1,23.88714286,NA,0,0,NA,NA,NA,NA,0,174.9342857,1,234.3106159,Low Income,0,0,-1,0
BDI,2022,69.23,0,Burundi,BI,302.9925053,13321097,NA,0.625576918,NA,1,0,23.88714286,NA,302.9925053,23.88714286,NA,NA,NA,NA,0,174.9342857,1,234.3106159,Low Income,0,0,-1,0
BDI,2023,76,6.77,Burundi,BI,250.6272531,13689450,NA,0.990959507,NA,1,0,23.88714286,NA,250.6272531,23.88714286,NA,NA,NA,NA,0,174.9342857,1,234.3106159,Low Income,0,0,-1,0
BDI,2024,75.51,-0.49,Burundi,BI,219.4248309,14047786,NA,1.081059256,NA,1,0,23.88714286,NA,219.4248309,23.88714286,NA,NA,NA,NA,0,174.9342857,1,234.3106159,Low Income,0,0,-1,0
BEN,2015,0,NA,Benin,BJ,1002.418869,11360681,NA,1.315011821,56.75631318,0,0,99.34,45.14400743,0,0,0,1,379.4920267,405.843277,0,619.9128571,0,1130.821353,Low Income,1,0,7,1
BEN,2016,0,0,Benin,BJ,1010.533896,11697842,NA,1.11488131,58.98692834,0,0,99.34,45.14400743,0,0,0,1,409.0388211,405.843277,0,619.9128571,0,1130.821353,Low Income,1,0,7,1
BEN,2017,0,0,Benin,BJ,1054.974081,12039780,NA,1.581704952,61.47659696,0,0,99.34,45.14400743,0,0,0,1,412.3043521,405.843277,0,619.9128571,0,1130.821353,Low Income,1,0,7,1
BEN,2018,0,0,Benin,BJ,1151.74097,12383347,NA,1.360735733,61.79519449,0,0,99.34,45.14400743,0,0,0,1,423.2833238,405.843277,0,619.9128571,0,1130.821353,Low Income,1,0,7,1
BEN,2019,1.85,1.85,Benin,BJ,1130.821353,12726755,46.0416412,1.516207809,63.68133231,0,0,99.34,45.14400743,0,0,0,1,414.5436411,405.843277,1.85,619.9128571,0,1130.821353,Low Income,1,0,7,1
BEN,2020,1.01,-0.84,Benin,BJ,1200.194266,13070169,46.63362176,1.109344141,44.83323338,0,1,99.34,45.14400743,0,0,0,1,426.1854787,405.843277,1.01,619.9128571,0,1130.821353,Low Income,1,0,7,1
BEN,2021,1.77,0.76,Benin,BJ,1318.651581,13413417,42.75675932,1.956086611,48.05486083,0,1,99.34,45.14400743,0,0,0,1,376.0552953,405.843277,1.77,619.9128571,0,1130.821353,Low Income,1,0,7,1
BEN,2022,2.02,0.25,Benin,BJ,1266.42711,13759501,40.90317038,2.157705375,44.38159289,1,0,99.34,45.14400743,1266.42711,99.34,45.14400743,1,NA,405.843277,2.02,619.9128571,0,1130.821353,Low Income,1,1,7,1
BEN,2023,3,0.98,Benin,BJ,1394.177847,14111034,NA,2.251580909,44.66313082,1,0,99.34,45.14400743,1394.177847,99.34,45.14400743,1,NA,405.843277,3,619.9128571,0,1130.821353,Low Income,1,1,7,1
BEN,2024,3.96,0.96,Benin,BJ,1485.380189,14462724,NA,2.527656314,40.63980224,1,0,99.34,45.14400743,1485.380189,99.34,45.14400743,1,NA,405.843277,3.96,619.9128571,0,1130.821353,Low Income,1,1,7,1
BFA,2015,9.9,NA,Burkina Faso,BF,630.1247508,18777487,NA,1.959927157,59.08918131,0,0,84.56571429,NA,0,0,NA,NA,279.2377898,294.8180959,0.99,561.7285714,0,764.8530778,Low Income,1,0,6,1
BFA,2016,16.16,6.26,Burkina Faso,BF,663.7423648,19334856,NA,3.043803499,57.8931728,0,0,84.56571429,NA,0,0,NA,NA,271.637811,294.8180959,2.02,561.7285714,0,764.8530778,Low Income,1,0,6,1
BFA,2017,14.29,-1.87,Burkina Faso,BF,709.0915359,19894407,NA,0.018237034,59.2687802,0,0,84.56571429,NA,0,0,NA,NA,285.3378108,294.8180959,2.68,561.7285714,0,764.8530778,Low Income,1,0,6,1
BFA,2018,14.43,0.14,Burkina Faso,BF,777.4656185,20438288,NA,1.689199429,60.59562562,0,0,84.56571429,NA,0,0,NA,NA,300.0408169,294.8180959,4.81,561.7285714,0,764.8530778,Low Income,1,0,6,1
BFA,2019,16.26,1.83,Burkina Faso,BF,764.8530778,20961952,NA,1.016478737,60.40869288,0,0,84.56571429,NA,0,0,NA,NA,302.8240648,294.8180959,5.63,561.7285714,0,764.8530778,Low Income,1,0,6,1
BFA,2020,18.87,2.61,Burkina Faso,BF,825.2370388,21478690,NA,-0.557279534,60.73977864,0,1,84.56571429,NA,0,0,NA,NA,314.3617213,294.8180959,5.66,561.7285714,0,764.8530778,Low Income,1,0,6,1
BFA,2021,18.12,-0.75,Burkina Faso,BF,895.5352884,21995243,NA,-0.405926078,62.42035866,0,1,84.56571429,NA,0,0,NA,NA,310.286657,294.8180959,5.26,561.7285714,0,764.8530778,Low Income,1,0,6,1
BFA,2022,15.39,-2.73,Burkina Faso,BF,827.3308435,22509038,NA,3.596407936,67.52029013,1,0,84.56571429,NA,827.3308435,84.56571429,NA,NA,NA,294.8180959,5.33,561.7285714,0,764.8530778,Low Income,1,1,6,1
BFA,2023,15.99,0.6,Burkina Faso,BF,873.4825897,23025776,NA,0.544129932,63.13268517,1,0,84.56571429,NA,873.4825897,84.56571429,NA,NA,NA,294.8180959,5.33,561.7285714,0,764.8530778,Low Income,1,1,6,1
BFA,2024,17.17,1.18,Burkina Faso,BF,981.9926498,23548781,NA,0.358681466,60.50242229,1,0,84.56571429,NA,981.9926498,84.56571429,NA,NA,NA,294.8180959,6.51,561.7285714,0,764.8530778,Low Income,1,1,6,1
BGD,2015,1.36,NA,Bangladesh,BD,1224.386477,159383179,20.40020854,1.450782455,42.08599631,0,0,98.43428571,27.84083054,0,0,0,1,237.2008045,267.702807,0.36,675.2585714,0,2129.79897,Lower Middle Income,1,0,-0.75,0
BGD,2016,1.79,0.43,Bangladesh,BD,1649.283809,160811932,21.67191592,0.87952834,31.33415013,0,0,98.43428571,27.84083054,0,0,0,1,256.2378277,267.702807,0.33,675.2585714,0,2129.79897,Lower Middle Income,1,0,-0.75,0
BGD,2017,1.75,-0.04,Bangladesh,BD,1811.082217,162186147,23.88997022,0.616341785,29.99973067,0,0,98.43428571,27.84083054,0,0,0,1,264.090549,267.702807,0.35,675.2585714,0,2129.79897,Lower Middle Income,1,0,-0.75,0
BGD,2018,1.76,0.01,Bangladesh,BD,1965.243727,163523103,24.57411595,0.753549134,32.51463172,0,0,98.43428571,27.84083054,0,0,0,1,261.2711566,267.702807,0.4,675.2585714,0,2129.79897,Lower Middle Income,1,0,-0.75,0
BGD,2019,1.39,-0.37,Bangladesh,BD,2129.79897,164913055,30.29749409,0.543244142,31.57805449,0,0,98.43428571,27.84083054,0,0,0,1,277.9502967,267.702807,0.44,675.2585714,0,2129.79897,Lower Middle Income,1,0,-0.75,0
BGD,2020,1.46,0.07,Bangladesh,BD,2248.850788,166298024,34.46204003,0.407859895,26.27144738,0,1,98.43428571,27.84083054,0,0,0,1,278.6386646,267.702807,0.55,675.2585714,0,2129.79897,Lower Middle Income,1,0,-0.75,0
BGD,2021,1.41,-0.05,Bangladesh,BD,2482.849178,167658854,39.590069,0.414118154,27.7240047,0,1,98.43428571,27.84083054,0,0,0,1,298.5303498,267.702807,0.65,675.2585714,0,2129.79897,Lower Middle Income,1,0,-0.75,0
BGD,2022,1.55,0.14,Bangladesh,BD,2716.485928,169384897,44.30702584,0.347960025,33.77996727,1,0,98.43428571,27.84083054,2716.485928,98.43428571,27.84083054,1,NA,267.702807,0.86,675.2585714,0,2129.79897,Lower Middle Income,1,1,-0.75,0
BGD,2023,1.71,0.16,Bangladesh,BD,2551.017738,171466990,NA,0.335721505,30.98297141,1,0,98.43428571,27.84083054,2551.017738,98.43428571,27.84083054,1,NA,267.702807,1.06,675.2585714,0,2129.79897,Lower Middle Income,1,1,-0.75,0
BGD,2024,1.89,0.18,Bangladesh,BD,2593.416117,173562364,NA,0.283870773,26.7780758,1,0,98.43428571,27.84083054,2593.416117,98.43428571,27.84083054,1,NA,267.702807,1.2,675.2585714,0,2129.79897,Lower Middle Income,1,1,-0.75,0
BIH,2015,33.78,NA,Bosnia and Herzegovina,BA,4662.258692,3518541,33.70889949,2.335293102,88.29199259,0,0,67.4,29.08493786,0,0,0,1,1755.043771,2064.307014,0.06,677.2228571,0,6122.375414,Upper Middle Income,1,0,NA,NA
BIH,2016,31.67,-2.11,Bosnia and Herzegovina,BA,4928.56659,3473003,31.55998657,1.829756951,88.244034,0,0,67.4,29.08493786,0,0,0,1,1945.254758,2064.307014,0.11,677.2228571,0,6122.375414,Upper Middle Income,1,0,NA,NA
BIH,2017,23.52,-8.15,Bosnia and Herzegovina,BA,5345.019788,3428682,34.07643538,2.779759225,96.64588036,0,0,67.4,29.08493786,0,0,0,1,1966.742964,2064.307014,0.12,677.2228571,0,6122.375414,Upper Middle Income,1,0,NA,NA
BIH,2018,34.34,10.82,Bosnia and Herzegovina,BA,6047.847072,3387000,24.2811144,2.937812987,98.43206942,0,0,67.4,29.08493786,0,0,0,1,2205.400194,2064.307014,0.62,677.2228571,0,6122.375414,Upper Middle Income,1,0,NA,NA
BIH,2019,36.69,2.35,Bosnia and Herzegovina,BA,6122.375414,3345533,27.39409661,2.186613751,94.51612515,0,0,67.4,29.08493786,0,0,0,1,2157.71633,2064.307014,1.61,677.2228571,0,6122.375414,Upper Middle Income,1,0,NA,NA
BIH,2020,29.19,-7.5,Bosnia and Herzegovina,BA,6130.31188,3299349,25.39344659,2.38939027,82.5216468,0,1,67.4,29.08493786,0,0,0,1,2152.730189,2064.307014,1.85,677.2228571,0,6122.375414,Upper Middle Income,1,0,NA,NA
BIH,2021,39,9.81,Bosnia and Herzegovina,BA,7295.343787,3244907,27.18058599,3.242308185,96.73911444,0,1,67.4,29.08493786,0,0,0,1,2267.260889,2064.307014,2.44,677.2228571,0,6122.375414,Upper Middle Income,1,0,NA,NA
BIH,2022,32.05,-6.95,Bosnia and Herzegovina,BA,7655.59421,3204802,26.36806123,3.788272807,110.2052844,1,0,67.4,29.08493786,7655.59421,67.4,29.08493786,1,NA,2064.307014,3.06,677.2228571,0,6122.375414,Upper Middle Income,1,1,NA,NA
BIH,2023,43.08,11.03,Bosnia and Herzegovina,BA,8663.023265,3185073,24.93204152,4.092026692,99.6330318,1,0,67.4,29.08493786,8663.023265,67.4,29.08493786,1,NA,2064.307014,3.56,677.2228571,0,6122.375414,Upper Middle Income,1,1,NA,NA
BIH,2024,40.35,-2.73,Bosnia and Herzegovina,BA,9358.78769,3164253,NA,3.390248353,95.15629571,1,0,67.4,29.08493786,9358.78769,67.4,29.08493786,1,NA,2064.307014,4.91,677.2228571,0,6122.375414,Upper Middle Income,1,1,NA,NA
BLR,2015,1,NA,Belarus,BY,5967.055951,9461076,84.95992787,2.926767755,115.9148262,0,0,95.62142857,83.79753132,0,0,0,1,2660.140268,2741.873597,0.12,492.0971429,0,6837.773396,Upper Middle Income,0,0,-7,0
BLR,2016,1.29,0.29,Belarus,BY,5039.775609,9469379,83.31386803,2.612756432,125.2093229,0,0,95.62142857,83.79753132,0,0,0,1,2639.094863,2741.873597,0.33,492.0971429,0,6837.773396,Upper Middle Income,0,0,-7,0
BLR,2017,2.26,0.97,Belarus,BY,5785.544919,9458989,84.89404421,2.332189195,133.3677547,0,0,95.62142857,83.79753132,0,0,0,1,2692.583449,2741.873597,0.55,492.0971429,0,6837.773396,Upper Middle Income,0,0,-7,0
BLR,2018,2.08,-0.18,Belarus,BY,6360.037502,9438785,86.0281547,2.376271207,139.3937363,0,0,95.62142857,83.79753132,0,0,0,1,2849.294773,2741.873597,0.72,492.0971429,0,6837.773396,Upper Middle Income,0,0,-7,0
BLR,2019,2.56,0.48,Belarus,BY,6837.773396,9419758,85.25553518,1.976861708,130.8504061,0,0,95.62142857,83.79753132,0,0,0,1,2748.968837,2741.873597,0.88,492.0971429,0,6837.773396,Upper Middle Income,0,0,-7,0
BLR,2020,3.5,0.94,Belarus,BY,6542.8558,9379952,83.84123114,2.270102678,118.9341761,0,1,95.62142857,83.79753132,0,0,0,1,2673.865486,2741.873597,0.96,492.0971429,0,6837.773396,Upper Middle Income,0,0,-7,0
BLR,2021,3.08,-0.42,Belarus,BY,7489.718947,9302585,78.28995807,1.766406879,136.0141679,0,1,95.62142857,83.79753132,0,0,0,1,2929.167501,2741.873597,0.85,492.0971429,0,6837.773396,Upper Middle Income,0,0,-7,0
BLR,2022,3.38,0.3,Belarus,BY,7994.648061,9228071,77.07994824,2.177450119,120.0242076,1,0,95.62142857,83.79753132,7994.648061,95.62142857,83.79753132,1,NA,2741.873597,1.04,492.0971429,0,6837.773396,Upper Middle Income,0,0,-7,0
BLR,2023,3.21,-0.17,Belarus,BY,7896.753883,9178298,NA,2.748540011,131.5846749,1,0,95.62142857,83.79753132,7896.753883,95.62142857,83.79753132,1,NA,2741.873597,1.01,492.0971429,0,6837.773396,Upper Middle Income,0,0,-7,0
BLR,2024,3.08,-0.13,Belarus,BY,8317.633999,9132629,NA,2.285984403,131.9179291,1,0,95.62142857,83.79753132,8317.633999,95.62142857,83.79753132,1,NA,2741.873597,1.01,492.0971429,0,6837.773396,Upper Middle Income,0,0,-7,0
BLZ,2015,91.67,NA,Belize,BZ,6154.622642,356333,NA,2.695698082,104.0709588,0,0,9.232857143,NA,0,0,NA,NA,NA,NA,0,141.3328571,1,6171.614498,Upper Middle Income,0,0,NA,NA
BLZ,2016,94.74,3.07,Belize,BZ,6140.867139,364705,NA,1.461570756,96.49983583,0,0,9.232857143,NA,0,0,NA,NA,NA,NA,0,141.3328571,1,6171.614498,Upper Middle Income,0,0,NA,NA
BLZ,2017,95,0.26,Belize,BZ,6071.854518,373202,NA,1.404731627,97.70725718,0,0,9.232857143,NA,0,0,NA,NA,NA,NA,0,141.3328571,1,6171.614498,Upper Middle Income,0,0,NA,NA
BLZ,2018,92.69,-2.31,Belize,BZ,6011.990369,380226,NA,5.338853119,100.9892144,0,0,9.232857143,NA,0,0,NA,NA,NA,NA,0,141.3328571,1,6171.614498,Upper Middle Income,0,0,NA,NA
BLZ,2019,86.54,-6.15,Belize,BZ,6171.614498,385829,NA,3.943840118,102.4418569,0,0,9.232857143,NA,0,0,NA,NA,NA,NA,1.92,141.3328571,1,6171.614498,Upper Middle Income,0,0,NA,NA
BLZ,2020,88.64,2.1,Belize,BZ,5238.540782,390812,NA,3.722140708,81.64314331,0,1,9.232857143,NA,0,0,NA,NA,NA,NA,2.27,141.3328571,1,6171.614498,Upper Middle Income,0,0,NA,NA
BLZ,2021,86.11,-2.53,Belize,BZ,6142.989306,395346,NA,5.167387393,98.98243694,0,1,9.232857143,NA,0,0,NA,NA,NA,NA,2.78,141.3328571,1,6171.614498,Upper Middle Income,0,0,NA,NA
BLZ,2022,87.23,1.12,Belize,BZ,7068.21728,402733,NA,4.950036967,107.8402501,1,0,9.232857143,NA,7068.21728,9.232857143,NA,NA,NA,NA,2.13,141.3328571,1,6171.614498,Upper Middle Income,0,0,NA,NA
BLZ,2023,88.88,1.65,Belize,BZ,7424.758213,411106,NA,0.525413667,106.4005059,1,0,9.232857143,NA,7424.758213,9.232857143,NA,NA,NA,NA,2.22,141.3328571,1,6171.614498,Upper Middle Income,0,0,NA,NA
BLZ,2024,87.23,-1.65,Belize,BZ,7681.244006,417072,NA,4.009925136,108.9724465,1,0,9.232857143,NA,7681.244006,9.232857143,NA,NA,NA,NA,2.13,141.3328571,1,6171.614498,Upper Middle Income,0,0,NA,NA
BOL,2015,29.44,NA,Bolivia,BO,2996.012898,11014705,-174.5838244,1.68072788,67.93284519,0,0,69.26571429,-125.354117,0,0,0,0,748.8989772,763.3262395,0.11,517.58,0,4203.154929,Lower Middle Income,0,0,7,1
BOL,2016,20.76,-8.68,Bolivia,BO,3035.873477,11180020,-149.6001338,0.988080149,56.4010345,0,0,69.26571429,-125.354117,0,0,0,0,779.0100938,763.3262395,0.54,517.58,0,4203.154929,Lower Middle Income,0,0,7,1
BOL,2017,25.13,4.37,Bolivia,BO,4048.401197,11344587,-132.5560854,1.551303848,45.57611237,0,0,69.26571429,-125.354117,0,0,0,0,800.9323965,763.3262395,0.73,517.58,0,4203.154929,Lower Middle Income,0,0,7,1
BOL,2018,29.58,4.45,Bolivia,BO,4206.855294,11508368,-114.9563406,0.624547732,46.92619534,0,0,69.26571429,-125.354117,0,0,0,0,803.1673234,763.3262395,1.89,517.58,0,4203.154929,Lower Middle Income,0,0,7,1
BOL,2019,36.16,6.58,Bolivia,BO,4203.154929,11671386,-90.75416465,-0.441605514,45.82097327,0,0,69.26571429,-125.354117,0,0,0,0,795.5877668,763.3262395,2.51,517.58,0,4203.154929,Lower Middle Income,0,0,7,1
BOL,2020,35.63,-0.53,Bolivia,BO,3580.967618,11816299,-119.8612182,-2.669312839,37.51643424,0,1,69.26571429,-125.354117,0,0,0,0,657.7899384,763.3262395,3.79,517.58,0,4203.154929,Lower Middle Income,0,0,7,1
BOL,2021,38.46,2.83,Bolivia,BO,4010.760537,11937360,-95.16705168,1.21888495,47.66708432,0,1,69.26571429,-125.354117,0,0,0,0,757.8971806,763.3262395,4.42,517.58,0,4203.154929,Lower Middle Income,0,0,7,1
BOL,2022,35.73,-2.73,Bolivia,BO,4219.461137,12077154,-67.33390478,0.012239192,57.52493358,1,0,69.26571429,-125.354117,4219.461137,69.26571429,-125.354117,0,NA,763.3262395,6.77,517.58,0,4203.154929,Lower Middle Income,0,0,7,1
BOL,2023,33.32,-2.41,Bolivia,BO,4274.708205,12244159,NA,0.45881248,49.60832556,1,0,69.26571429,-125.354117,4274.708205,69.26571429,-125.354117,0,NA,763.3262395,6.3,517.58,0,4203.154929,Lower Middle Income,0,0,7,1
BOL,2024,34,0.68,Bolivia,BO,4421.166099,12413315,NA,0.652112801,46.97787161,1,0,69.26571429,-125.354117,4421.166099,69.26571429,-125.354117,0,NA,763.3262395,6.51,517.58,0,4203.154929,Lower Middle Income,0,0,7,1
BRA,2015,74.2,NA,Brazil,BR,8936.195589,201675532,8.613873325,3.592149731,26.95362594,0,0,17.74571429,-1.066327246,0,0,0,0,1482.020579,1422.536438,3.73,153.4971429,1,9029.833044,Upper Middle Income,0,0,8,1
BRA,2016,80.48,6.28,Brazil,BR,8836.28546,203218114,2.67300703,4.137378538,24.53368208,0,0,17.74571429,-1.066327246,0,0,0,0,1414.897931,1422.536438,5.81,153.4971429,1,9029.833044,Upper Middle Income,0,0,8,1
BRA,2017,79.25,-1.23,Brazil,BR,10080.50787,204703445,1.14058561,3.338260284,24.31973437,0,0,17.74571429,-1.066327246,0,0,0,0,1431.959497,1422.536438,7.33,153.4971429,1,9029.833044,Upper Middle Income,0,0,8,1
BRA,2018,82.36,3.11,Brazil,BR,9300.660729,206107261,-0.816754027,4.078588618,28.87620338,0,0,17.74571429,-1.066327246,0,0,0,0,1403.402325,1422.536438,8.64,153.4971429,1,9029.833044,Upper Middle Income,0,0,8,1
BRA,2019,81.38,-0.98,Brazil,BR,9029.833044,207455459,-4.059636124,3.692673304,28.89025787,0,0,17.74571429,-1.066327246,0,0,0,0,1415.83477,1422.536438,9.89,153.4971429,1,9029.833044,Upper Middle Income,0,0,8,1
BRA,2020,83.16,1.78,Brazil,BR,7074.194075,208660842,-11.16773546,2.592637846,32.30207854,0,1,17.74571429,-1.066327246,0,0,0,0,1379.246499,1422.536438,10.78,153.4971429,1,9029.833044,Upper Middle Income,0,0,8,1
BRA,2021,77.36,-5.8,Brazil,BR,7972.536961,209550294,-3.847631075,2.779790741,37.65633076,0,1,17.74571429,-1.066327246,0,0,0,0,1430.393466,1422.536438,13.56,153.4971429,1,9029.833044,Upper Middle Income,0,0,8,1
BRA,2022,87.7,10.34,Brazil,BR,9281.332821,210306415,-7.287210528,3.868032015,38.81606598,1,0,17.74571429,-1.066327246,9281.332821,17.74571429,-1.066327246,0,NA,1422.536438,16.5,153.4971429,1,9029.833044,Upper Middle Income,0,0,8,1
BRA,2023,89,1.3,Brazil,BR,10377.58977,211140729,-13.68089694,2.863833307,33.66622983,1,0,17.74571429,-1.066327246,10377.58977,17.74571429,-1.066327246,0,NA,1422.536438,20.68,153.4971429,1,9029.833044,Upper Middle Income,0,0,8,1
BRA,2024,87.33,-1.67,Brazil,BR,10310.54888,211998573,NA,3.389608026,35.58452394,1,0,17.74571429,-1.066327246,10310.54888,17.74571429,-1.066327246,0,NA,1422.536438,24.11,153.4971429,1,9029.833044,Upper Middle Income,0,0,8,1
BTN,2015,100,NA,Bhutan,BT,2954.040819,740618,NA,0.29485818,89.63916046,0,0,0,NA,0,0,NA,NA,NA,NA,0,23.74428571,1,3576.879871,Lower Middle Income,0,0,5.5,1
BTN,2016,100,0,Bhutan,BT,3152.309051,747866,NA,0.504099188,76.38475285,0,0,0,NA,0,0,NA,NA,NA,NA,0,23.74428571,1,3576.879871,Lower Middle Income,0,0,5.5,1
BTN,2017,100,0,Bhutan,BT,3435.288047,754335,NA,-0.638806367,76.78840169,0,0,0,NA,0,0,NA,NA,NA,NA,0,23.74428571,1,3576.879871,Lower Middle Income,0,0,5.5,1
BTN,2018,100,0,Bhutan,BT,3400.204172,759759,NA,0.102559427,79.73972033,0,0,0,NA,0,0,NA,NA,NA,NA,0,23.74428571,1,3576.879871,Lower Middle Income,0,0,5.5,1
BTN,2019,100,0,Bhutan,BT,3576.879871,764824,NA,0.475617042,76.1235167,0,0,0,NA,0,0,NA,NA,NA,NA,0,23.74428571,1,3576.879871,Lower Middle Income,0,0,5.5,1
BTN,2020,100,0,Bhutan,BT,3191.66907,770006,NA,-0.113401529,71.83035104,0,1,0,NA,0,0,NA,NA,NA,NA,0,23.74428571,1,3576.879871,Lower Middle Income,0,0,5.5,1
BTN,2021,100,0,Bhutan,BT,3570.61258,775442,NA,0.244983575,77.58244827,0,1,0,NA,0,0,NA,NA,NA,NA,0,23.74428571,1,3576.879871,Lower Middle Income,0,0,5.5,1
BTN,2022,100,0,Bhutan,BT,3711.32768,780914,NA,0.289904655,85.57121652,1,0,0,NA,3711.32768,0,NA,NA,NA,NA,0,23.74428571,1,3576.879871,Lower Middle Income,0,0,5.5,1
BTN,2023,100,0,Bhutan,BT,3831.325355,786385,NA,0.338339567,81.73662787,1,0,0,NA,3831.325355,0,NA,NA,NA,NA,0,23.74428571,1,3576.879871,Lower Middle Income,0,0,5.5,1
BTN,2024,100,0,Bhutan,BT,NA,791524,NA,NA,NA,1,0,0,NA,NA,0,NA,NA,NA,NA,0,23.74428571,1,3576.879871,Lower Middle Income,0,0,5.5,1
BWA,2015,0,NA,Botswana,BW,6141.203947,2203273,34.92968485,2.797732675,112.900891,0,0,99.77285714,32.6215353,0,0,0,1,1285.412756,1232.076939,0,852.68,0,7172.089565,Upper Middle Income,1,0,8,1
BWA,2016,0,0,Botswana,BW,6749.059943,2234776,36.34592275,0.944944817,100.4646898,0,0,99.77285714,32.6215353,0,0,0,1,1245.842468,1232.076939,0,852.68,0,7172.089565,Upper Middle Income,1,0,8,1
BWA,2017,0,0,Botswana,BW,7104.964011,2266747,31.89868001,1.617960929,81.92395138,0,0,99.77285714,32.6215353,0,0,0,1,1315.801073,1232.076939,0,852.68,0,7172.089565,Upper Middle Income,1,0,8,1
BWA,2018,0.32,0.32,Botswana,BW,7407.959401,2299141,30.94901233,1.678933864,87.45510399,0,0,99.77285714,32.6215353,0,0,0,1,1305.313024,1232.076939,0.32,852.68,0,7172.089565,Upper Middle Income,1,0,8,1
BWA,2019,0.4,0.08,Botswana,BW,7172.089565,2332083,33.18623852,0.559653498,83.09298136,0,0,99.77285714,32.6215353,0,0,0,1,1202.882218,1232.076939,0.4,852.68,0,7172.089565,Upper Middle Income,1,0,8,1
BWA,2020,0.46,0.06,Botswana,BW,6323.297497,2365894,30.85958981,0.212513875,77.66341786,0,1,99.77285714,32.6215353,0,0,0,1,1120.172833,1232.076939,0.46,852.68,0,7172.089565,Upper Middle Income,1,0,8,1
BWA,2021,0.4,-0.06,Botswana,BW,7807.887946,2401441,30.18161882,-1.701614702,88.75874959,0,1,99.77285714,32.6215353,0,0,0,1,1149.114199,1232.076939,0.4,852.68,0,7172.089565,Upper Middle Income,1,0,8,1
BWA,2022,0.39,-0.01,Botswana,BW,8328.709057,2439892,23.68177846,3.492047052,85.61170775,1,0,99.77285714,32.6215353,8328.709057,99.77285714,32.6215353,1,NA,1232.076939,0.39,852.68,0,7172.089565,Upper Middle Income,1,1,8,1
BWA,2023,0.31,-0.08,Botswana,BW,7826.353765,2480244,NA,3.820113181,68.80335784,1,0,99.77285714,32.6215353,7826.353765,99.77285714,32.6215353,1,NA,1232.076939,0.31,852.68,0,7172.089565,Upper Middle Income,1,1,8,1
BWA,2024,0.29,-0.02,Botswana,BW,7695.753194,2521139,NA,2.408334799,71.10525791,1,0,99.77285714,32.6215353,7695.753194,99.77285714,32.6215353,1,NA,1232.076939,0.29,852.68,0,7172.089565,Upper Middle Income,1,1,8,1
CAF,2015,100,NA,Central African Republic,CF,366.3228539,4629320,NA,0.176904972,53.14514778,0,0,0,NA,0,0,NA,NA,NA,NA,0,0,1,449.2284676,Low Income,0,0,4.5,1
CAF,2016,100,0,Central African Republic,CF,387.1762034,4713663,NA,0.39759002,50.53064402,0,0,0,NA,0,0,NA,NA,NA,NA,0,0,1,449.2284676,Low Income,0,0,4.5,1
CAF,2017,100,0,Central African Republic,CF,432.3240257,4793511,NA,0.332412483,57.14354571,0,0,0,NA,0,0,NA,NA,NA,NA,0,0,1,449.2284676,Low Income,0,0,4.5,1
CAF,2018,100,0,Central African Republic,CF,455.2439629,4878657,NA,0.810612744,49.6602,0,0,0,NA,0,0,NA,NA,NA,NA,0,0,1,449.2284676,Low Income,0,0,4.5,1
CAF,2019,100,0,Central African Republic,CF,449.2284676,4944703,NA,1.152529799,50.0658,0,0,0,NA,0,0,NA,NA,NA,NA,0,0,1,449.2284676,Low Income,0,0,4.5,1
CAF,2020,100,0,Central African Republic,CF,462.8790713,5026628,NA,0.074669893,49.52102,0,1,0,NA,0,0,NA,NA,NA,NA,0,0,1,449.2284676,Low Income,0,0,4.5,1
CAF,2021,100,0,Central African Republic,CF,492.2631428,5112100,NA,0.214980465,44.15912,0,1,0,NA,0,0,NA,NA,NA,NA,0,0,1,449.2284676,Low Income,0,0,4.5,1
CAF,2022,100,0,Central African Republic,CF,467.359825,5098039,NA,1.009297915,45.23357,1,0,0,NA,467.359825,0,NA,NA,NA,NA,0,0,1,449.2284676,Low Income,0,0,4.5,1
CAF,2023,100,0,Central African Republic,CF,495.9788973,5152421,NA,1.516046565,43.48057021,1,0,0,NA,495.9788973,0,NA,NA,NA,NA,0,0,1,449.2284676,Low Income,0,0,4.5,1
CHN,2015,23.97,NA,China,CN,8175.332851,1379860000,16.70642274,2.149572847,38.69718484,0,0,69.76142857,20.68877714,0,0,0,1,2175.154449,2334.12657,3.87,632.24,0,10342.90095,Upper Middle Income,1,0,-7,0
CHN,2016,24.82,0.85,China,CN,8254.868593,1387790000,19.19307401,1.525394703,36.17717069,0,0,69.76142857,20.68877714,0,0,0,1,2149.20475,2334.12657,5.01,632.24,0,10342.90095,Upper Middle Income,1,0,-7,0
CHN,2017,25.24,0.42,China,CN,8979.676527,1396215000,20.41898999,1.324689717,36.95085262,0,0,69.76142857,20.68877714,0,0,0,1,2215.91139,2334.12657,6.39,632.24,0,10342.90095,Upper Middle Income,1,0,-7,0
CHN,2018,25.61,0.37,China,CN,10085.66381,1402760000,21.66874647,1.663619923,36.89438439,0,0,69.76142857,20.68877714,0,0,0,1,2310.877571,2334.12657,7.57,632.24,0,10342.90095,Upper Middle Income,1,0,-7,0
CHN,2019,26.85,1.24,China,CN,10342.90095,1407745000,22.22097389,1.285492268,35.19942027,0,0,69.76142857,20.68877714,0,0,0,1,2397.968689,2334.12657,8.39,632.24,0,10342.90095,Upper Middle Income,1,0,-7,0
CHN,2020,28.09,1.24,China,CN,10627.4638,1411100000,22.97457219,1.687707563,34.03895079,0,1,69.76142857,20.68877714,0,0,0,1,2465.969546,2334.12657,9.36,632.24,0,10342.90095,Upper Middle Income,1,0,-7,0
CHN,2021,28.69,0.6,China,CN,12887.43572,1412360000,21.63866073,1.890345414,36.52069118,0,1,69.76142857,20.68877714,0,0,0,1,2623.799594,2334.12657,11.51,632.24,0,10342.90095,Upper Middle Income,1,0,-7,0
CHN,2022,30.18,1.49,China,CN,12970.60564,1412175000,20.62455892,1.038413655,37.44071988,1,0,69.76142857,20.68877714,12970.60564,69.76142857,20.68877714,1,NA,2334.12657,13.45,632.24,0,10342.90095,Upper Middle Income,1,1,-7,0
CHN,2023,30.61,0.43,China,CN,12951.17824,1410710000,23.96175883,0.280991104,36.10519237,1,0,69.76142857,20.68877714,12951.17824,69.76142857,20.68877714,1,NA,2334.12657,15.55,632.24,0,10342.90095,Upper Middle Income,1,1,-7,0
CHN,2024,33.7,3.09,China,CN,13303.14815,1408975000,NA,0.098998805,37.19842014,1,0,69.76142857,20.68877714,13303.14815,69.76142857,20.68877714,1,NA,2334.12657,18.2,632.24,0,10342.90095,Upper Middle Income,1,1,-7,0
CIV,2015,16.55,NA,Cote d'Ivoire,CI,1814.718551,25246342,3.207895904,1.079141548,52.71536046,0,0,75.47857143,6.441386733,0,0,0,1,383.8890107,395.0138409,0,429.6457143,0,2141.768362,Lower Middle Income,0,0,NA,NA
CIV,2016,16.42,-0.13,Cote d'Ivoire,CI,1862.595971,25989405,5.100077434,1.193758009,47.56631389,0,0,75.47857143,6.441386733,0,0,0,1,391.6555834,395.0138409,0,429.6457143,0,2141.768362,Lower Middle Income,0,0,NA,NA
CIV,2017,21.25,4.83,Cote d'Ivoire,CI,1964.299303,26733372,3.014724289,1.856734864,48.65960504,0,0,75.47857143,6.441386733,0,0,0,1,392.5888243,395.0138409,0.1,429.6457143,0,2141.768362,Lower Middle Income,0,0,NA,NA
CIV,2018,29.88,8.63,Cote d'Ivoire,CI,2130.866194,27464173,7.79211014,1.059986996,46.04002824,0,0,75.47857143,6.441386733,0,0,0,1,358.5492288,395.0138409,0.1,429.6457143,0,2141.768362,Lower Middle Income,0,0,NA,NA
CIV,2019,33.11,3.23,Cote d'Ivoire,CI,2141.768362,28193009,4.601046443,1.405830482,44.66041058,0,0,75.47857143,6.441386733,0,0,0,1,376.7432129,395.0138409,0.09,429.6457143,0,2141.768362,Lower Middle Income,0,0,NA,NA
CIV,2020,30.55,-2.56,Cote d'Ivoire,CI,2179.729348,28915449,8.143785585,1.131112457,41.94263182,0,1,75.47857143,6.441386733,0,0,0,1,385.9009119,395.0138409,0.18,429.6457143,0,2141.768362,Lower Middle Income,0,0,NA,NA
CIV,2021,23.88,-6.67,Cote d'Ivoire,CI,2455.981276,29639736,13.23006733,1.912826559,45.11403278,0,1,75.47857143,6.441386733,0,0,0,1,475.7701142,395.0138409,0.18,429.6457143,0,2141.768362,Lower Middle Income,0,0,NA,NA
CIV,2022,27.36,3.48,Cote d'Ivoire,CI,2333.371283,30395002,14.37860923,2.254726533,52.86639104,1,0,75.47857143,6.441386733,2333.371283,75.47857143,6.441386733,1,NA,395.0138409,0.16,429.6457143,0,2141.768362,Lower Middle Income,0,0,NA,NA
CIV,2023,30.14,2.78,Cote d'Ivoire,CI,2591.965905,31165654,NA,3.076414336,48.81700391,1,0,75.47857143,6.441386733,2591.965905,75.47857143,6.441386733,1,NA,395.0138409,0.18,429.6457143,0,2141.768362,Lower Middle Income,0,0,NA,NA
CIV,2024,28.92,-1.22,Cote d'Ivoire,CI,2727.893522,31934230,NA,3.583466707,51.26403794,1,0,75.47857143,6.441386733,2727.893522,75.47857143,6.441386733,1,NA,395.0138409,0.19,429.6457143,0,2141.768362,Lower Middle Income,0,0,NA,NA
CMR,2015,54.9,NA,Cameroon,CM,1415.000097,22763414,-27.96178792,2.15564021,45.54014683,0,0,39.53571429,-27.63422216,0,0,0,0,402.8199242,391.4530255,0.13,310.47,0,1555.226605,Lower Middle Income,0,0,-5,0
CMR,2016,61.6,6.7,Cameroon,CM,1441.720173,23454161,-27.952799,1.963349435,40.63863153,0,0,39.53571429,-27.63422216,0,0,0,0,399.8833731,391.4530255,0.14,310.47,0,1555.226605,Lower Middle Income,0,0,-5,0
CMR,2017,63.36,1.76,Cameroon,CM,1496.089518,24128601,-20.56483421,2.256209759,39.19902161,0,0,39.53571429,-27.63422216,0,0,0,0,392.8663724,391.4530255,0.25,310.47,0,1555.226605,Lower Middle Income,0,0,-5,0
CMR,2018,58.9,-4.46,Cameroon,CM,1610.696416,24806383,-24.05014526,1.914857813,40.58760288,0,0,39.53571429,-27.63422216,0,0,0,0,392.3517177,391.4530255,0.23,310.47,0,1555.226605,Lower Middle Income,0,0,-5,0
CMR,2019,61.47,2.57,Cameroon,CM,1555.226605,25506095,-31.90338416,2.583406025,43.37851325,0,0,39.53571429,-27.63422216,0,0,0,0,387.3857003,391.4530255,0.24,310.47,0,1555.226605,Lower Middle Income,0,0,-5,0
CMR,2020,60.11,-1.36,Cameroon,CM,1555.603707,26210558,-31.24340494,1.655956147,33.73883136,0,1,39.53571429,-27.63422216,0,0,0,0,386.8610608,391.4530255,0.23,310.47,0,1555.226605,Lower Middle Income,0,0,-5,0
CMR,2021,62.91,2.8,Cameroon,CM,1672.326573,26915758,-29.76319962,2.140613269,36.73083472,0,1,39.53571429,-27.63422216,0,0,0,0,378.0030301,391.4530255,0.24,310.47,0,1555.226605,Lower Middle Income,0,0,-5,0
CMR,2022,64.91,2,Cameroon,CM,1604.87727,27632771,-28.71268413,2.087350322,41.28660256,1,0,39.53571429,-27.63422216,1604.87727,39.53571429,-27.63422216,0,NA,391.4530255,0.25,310.47,0,1555.226605,Lower Middle Income,0,0,-5,0
CMR,2023,73.27,8.36,Cameroon,CM,1720.475102,28372687,NA,1.682996563,37.89033212,1,0,39.53571429,-27.63422216,1720.475102,39.53571429,-27.63422216,0,NA,391.4530255,0.28,310.47,0,1555.226605,Lower Middle Income,0,0,-5,0
CMR,2024,73.14,-0.13,Cameroon,CM,1830.008337,29123744,NA,1.666553912,34.40317859,1,0,39.53571429,-27.63422216,1830.008337,39.53571429,-27.63422216,0,NA,391.4530255,0.55,310.47,0,1555.226605,Lower Middle Income,0,0,-5,0
COD,2015,99.89,NA,"Congo, Dem. Rep.",CD,495.826633,81035531,-0.006905283,2.901275151,57.75392362,0,0,0.084285714,0.124100215,0,0,0,1,358.5432602,355.6727825,0,24.76428571,1,504.0041914,Low Income,0,0,NA,NA
COD,2016,99.89,0,"Congo, Dem. Rep.",CD,459.7650366,83956415,-0.52095769,2.415464387,68.00833429,0,0,0.084285714,0.124100215,0,0,0,1,355.0677223,355.6727825,0,24.76428571,1,504.0041914,Low Income,0,0,NA,NA
COD,2017,99.9,0.01,"Congo, Dem. Rep.",CD,431.0525591,87083398,-0.327630696,2.791818529,65.91845253,0,0,0.084285714,0.124100215,0,0,0,1,344.2710769,355.6727825,0.11,24.76428571,1,504.0041914,Low Income,0,0,NA,NA
COD,2018,99.91,0.01,"Congo, Dem. Rep.",CD,518.1696269,90047644,0.182444855,3.016641606,72.55917391,0,0,0.084285714,0.124100215,0,0,0,1,336.6430682,355.6727825,0.1,24.76428571,1,504.0041914,Low Income,0,0,NA,NA
COD,2019,99.91,0,"Congo, Dem. Rep.",CD,504.0041914,92947442,0.613652442,2.883911327,60.91435237,0,0,0.084285714,0.124100215,0,0,0,1,330.7319099,355.6727825,0.08,24.76428571,1,504.0041914,Low Income,0,0,NA,NA
COD,2020,99.92,0.01,"Congo, Dem. Rep.",CD,486.4255727,95989998,0.472145742,3.208440711,61.02847077,0,1,0.084285714,0.124100215,0,0,0,1,370.5032665,355.6727825,0.16,24.76428571,1,504.0041914,Low Income,0,0,NA,NA
COD,2021,100,0.08,"Congo, Dem. Rep.",CD,595.7430744,99148932,0.455952138,2.84027556,75.38705239,0,1,0.084285714,0.124100215,0,0,0,1,393.9491736,355.6727825,7.4,24.76428571,1,504.0041914,Low Income,0,0,NA,NA
COD,2022,100,0,"Congo, Dem. Rep.",CD,687.7385876,102396968,1.596265535,2.001316228,85.82216919,1,0,0.084285714,0.124100215,687.7385876,0.084285714,0.124100215,1,NA,355.6727825,13.78,24.76428571,1,504.0041914,Low Income,0,0,NA,NA
COD,2023,100,0,"Congo, Dem. Rep.",CD,660.2120524,105789731,NA,3.400822698,86.74005818,1,0,0.084285714,0.124100215,660.2120524,0.084285714,0.124100215,1,NA,355.6727825,14.08,24.76428571,1,504.0041914,Low Income,0,0,NA,NA
COD,2024,100,0,"Congo, Dem. Rep.",CD,649.3833386,109276265,NA,4.107899567,100.5540883,1,0,0.084285714,0.124100215,649.3833386,0.084285714,0.124100215,1,NA,355.6727825,15.77,24.76428571,1,504.0041914,Low Income,0,0,NA,NA
COG,2015,40.15,NA,"Congo, Rep.",CG,2439.351894,5097581,-420.1744043,34.4182561,117.3207216,0,0,66.30857143,-454.7032254,0,0,0,0,572.2558354,556.5263716,0,603.6985714,0,2488.424667,Lower Middle Income,1,0,NA,NA
COG,2016,38.72,-1.43,"Congo, Rep.",CG,2093.107286,5222536,-395.3551089,0.462969363,122.2598183,0,0,66.30857143,-454.7032254,0,0,0,0,583.8455657,556.5263716,0,603.6985714,0,2488.424667,Lower Middle Income,1,0,NA,NA
COG,2017,40.94,2.22,"Congo, Rep.",CG,2211.633099,5351011,-463.7608327,37.32277487,94.61709526,0,0,66.30857143,-454.7032254,0,0,0,0,552.5180282,556.5263716,0,603.6985714,0,2488.424667,Lower Middle Income,1,0,NA,NA
COG,2018,35.06,-5.88,"Congo, Rep.",CG,2694.434132,5483118,-548.5006982,29.20861002,100.5832168,0,0,66.30857143,-454.7032254,0,0,0,0,486.7812457,556.5263716,0,603.6985714,0,2488.424667,Lower Middle Income,1,0,NA,NA
COG,2019,27.76,-7.3,"Congo, Rep.",CG,2488.424667,5616661,-511.229927,-10.21475465,91.57575479,0,0,66.30857143,-454.7032254,0,0,0,0,553.0783532,556.5263716,0,603.6985714,0,2488.424667,Lower Middle Income,1,0,NA,NA
COG,2020,26.93,-0.83,"Congo, Rep.",CG,1993.586672,5752791,-452.5084914,-17.2921171,69.30662472,0,1,66.30857143,-454.7032254,0,0,0,0,565.3874182,556.5263716,0,603.6985714,0,2488.424667,Lower Middle Income,1,0,NA,NA
COG,2021,26.28,-0.65,"Congo, Rep.",CG,2516.162551,5892183,-391.393115,-2.159828737,85.54620316,0,1,66.30857143,-454.7032254,0,0,0,0,581.8181545,556.5263716,0,603.6985714,0,2488.424667,Lower Middle Income,1,0,NA,NA
COG,2022,21.82,-4.46,"Congo, Rep.",CG,2620.838043,6035104,-347.4198654,3.365083361,98.16133669,1,0,66.30857143,-454.7032254,2620.838043,66.30857143,-454.7032254,0,NA,556.5263716,0,603.6985714,0,2488.424667,Lower Middle Income,1,1,NA,NA
COG,2023,23.51,1.69,"Congo, Rep.",CG,2477.978455,6182885,NA,4.088972178,96.2103944,1,0,66.30857143,-454.7032254,2477.978455,66.30857143,-454.7032254,0,NA,556.5263716,0.19,603.6985714,0,2488.424667,Lower Middle Income,1,1,NA,NA
COG,2024,20.88,-2.63,"Congo, Rep.",CG,2482.248995,6332961,NA,3.839802765,93.18812208,1,0,66.30857143,-454.7032254,2482.248995,66.30857143,-454.7032254,0,NA,556.5263716,0.18,603.6985714,0,2488.424667,Lower Middle Income,1,1,NA,NA
COL,2015,63.35,NA,Colombia,CO,6248.514905,46969940,-212.7696961,3.959398549,38.36076412,0,0,29.38571429,-201.7604864,0,0,0,0,899.7464055,873.9103879,0.1,228.0757143,0,6472.545449,Upper Middle Income,0,0,7,1
COL,2016,65.62,2.27,Colombia,CO,5959.842504,47437512,-201.1411011,4.901645729,36.20265298,0,0,29.38571429,-201.7604864,0,0,0,0,923.3806461,873.9103879,0.08,228.0757143,0,6472.545449,Upper Middle Income,0,0,7,1
COL,2017,79.1,13.48,Colombia,CO,6479.532313,48131078,-250.1076071,4.393182328,35.28291494,0,0,29.38571429,-201.7604864,0,0,0,0,870.7645988,873.9103879,0.01,228.0757143,0,6472.545449,Upper Middle Income,0,0,7,1
COL,2018,76.33,-2.77,Colombia,CO,6816.968183,49024465,-228.7850973,3.380835732,36.5347528,0,0,29.38571429,-201.7604864,0,0,0,0,829.4344957,873.9103879,0.08,228.0757143,0,6472.545449,Upper Middle Income,0,0,7,1
COL,2019,69.49,-6.84,Colombia,CO,6472.545449,49907985,-181.4141124,4.330582409,37.55853398,0,0,29.38571429,-201.7604864,0,0,0,0,899.5526475,873.9103879,0.25,228.0757143,0,6472.545449,Upper Middle Income,0,0,7,1
COL,2020,65.32,-4.17,Colombia,CO,5339.687114,50629997,-192.8456203,2.75889429,34.05557097,0,1,29.38571429,-201.7604864,0,0,0,0,814.0277173,873.9103879,0.25,228.0757143,0,6472.545449,Upper Middle Income,0,0,7,1
COL,2021,75.07,9.75,Colombia,CO,6222.621644,51188173,-145.2601704,3.001756938,40.05914639,0,1,29.38571429,-201.7604864,0,0,0,0,880.4662043,873.9103879,0.46,228.0757143,0,6472.545449,Upper Middle Income,0,0,7,1
COL,2022,74.35,-0.72,Colombia,CO,6680.445069,51737944,-139.124198,4.971241377,48.28265511,1,0,29.38571429,-201.7604864,6680.445069,29.38571429,-201.7604864,0,NA,873.9103879,0.84,228.0757143,0,6472.545449,Upper Middle Income,0,0,7,1
COL,2023,66.98,-7.37,Colombia,CO,7000.836605,52321152,-141.9716755,4.584787612,40.38813249,1,0,29.38571429,-201.7604864,7000.836605,29.38571429,-201.7604864,0,NA,873.9103879,1.81,228.0757143,0,6472.545449,Upper Middle Income,0,0,7,1
COL,2024,61.35,-5.63,Colombia,CO,7919.208868,52886363,NA,3.267259548,37.02546871,1,0,29.38571429,-201.7604864,7919.208868,29.38571429,-201.7604864,0,NA,873.9103879,4.02,228.0757143,0,6472.545449,Upper Middle Income,0,0,7,1
COM,2015,0,NA,Comoros,KM,1329.370482,726682,NA,0.511029839,37.80495207,0,0,100,NA,0,0,NA,NA,NA,NA,0,664.9028571,0,1510.232182,Lower Middle Income,1,0,6,1
COM,2016,0,0,Comoros,KM,1365.484034,741741,NA,0.352458396,37.13287972,0,0,100,NA,0,0,NA,NA,NA,NA,0,664.9028571,0,1510.232182,Lower Middle Income,1,0,6,1
COM,2017,0,0,Comoros,KM,1423.924803,756669,NA,0.363776536,40.16435892,0,0,100,NA,0,0,NA,NA,NA,NA,0,664.9028571,0,1510.232182,Lower Middle Income,1,0,6,1
COM,2018,0,0,Comoros,KM,1527.405271,771590,NA,0.481306804,42.99615334,0,0,100,NA,0,0,NA,NA,NA,NA,0,664.9028571,0,1510.232182,Lower Middle Income,1,0,6,1
COM,2019,0,0,Comoros,KM,1510.232182,786578,NA,0.362046315,42.26807854,0,0,100,NA,0,0,NA,NA,NA,NA,0,664.9028571,0,1510.232182,Lower Middle Income,1,0,6,1
COM,2020,0,0,Comoros,KM,1519.346656,802163,NA,0.318014573,33.7299346,0,1,100,NA,0,0,NA,NA,NA,NA,0,664.9028571,0,1510.232182,Lower Middle Income,1,0,6,1
COM,2021,0,0,Comoros,KM,1554.972892,818174,NA,0.316353618,42.06772364,0,1,100,NA,0,0,NA,NA,NA,NA,0,664.9028571,0,1510.232182,Lower Middle Income,1,0,6,1
COM,2022,0,0,Comoros,KM,1465.479643,834188,NA,0.337727308,50.38877048,1,0,100,NA,1465.479643,100,NA,NA,NA,NA,0,664.9028571,0,1510.232182,Lower Middle Income,1,1,6,1
COM,2023,0,0,Comoros,KM,1560.273785,850387,NA,0.40342233,45.68377892,1,0,100,NA,1560.273785,100,NA,NA,NA,NA,0,664.9028571,0,1510.232182,Lower Middle Income,1,1,6,1
CPV,2015,20.93,NA,Cabo Verde,CV,3415.062667,512394,NA,5.490245133,94.00848702,0,0,80.87,NA,0,0,NA,NA,NA,NA,20.93,531.3471429,0,4380.781173,Lower Middle Income,1,0,NA,NA
CPV,2016,20,-0.93,Cabo Verde,CV,3608.966052,512554,NA,6.828451179,95.37813986,0,0,80.87,NA,0,0,NA,NA,NA,NA,20,531.3471429,0,4380.781173,Lower Middle Income,1,0,NA,NA
CPV,2017,18.61,-1.39,Cabo Verde,CV,3893.095714,512893,NA,5.594696735,100.0521339,0,0,80.87,NA,0,0,NA,NA,NA,NA,18.61,531.3471429,0,4380.781173,Lower Middle Income,1,0,NA,NA
CPV,2018,20.93,2.32,Cabo Verde,CV,4294.9651,513415,NA,4.69595736,105.8675241,0,0,80.87,NA,0,0,NA,NA,NA,NA,20.93,531.3471429,0,4380.781173,Lower Middle Income,1,0,NA,NA
CPV,2019,18.18,-2.75,Cabo Verde,CV,4380.781173,514104,NA,5.457887557,103.6026565,0,0,80.87,NA,0,0,NA,NA,NA,NA,18.18,531.3471429,0,4380.781173,Lower Middle Income,1,0,NA,NA
CPV,2020,16.67,-1.51,Cabo Verde,CV,3539.226612,514679,NA,3.712184915,78.39345459,0,1,80.87,NA,0,0,NA,NA,NA,NA,16.67,531.3471429,0,4380.781173,Lower Middle Income,1,0,NA,NA
CPV,2021,18.61,1.94,Cabo Verde,CV,3971.444092,516649,NA,4.457304982,77.45505863,0,1,80.87,NA,0,0,NA,NA,NA,NA,18.61,531.3471429,0,4380.781173,Lower Middle Income,1,0,NA,NA
CPV,2022,28,9.39,Cabo Verde,CV,4323.31362,519741,NA,5.430144521,96.99413685,1,0,80.87,NA,4323.31362,80.87,NA,NA,NA,NA,28,531.3471429,0,4380.781173,Lower Middle Income,1,1,NA,NA
CPV,2023,28,0,Cabo Verde,CV,4794.901219,522331,NA,6.337962693,95.03249433,1,0,80.87,NA,4794.901219,80.87,NA,NA,NA,NA,28,531.3471429,0,4380.781173,Lower Middle Income,1,1,NA,NA
CPV,2024,30.76,2.76,Cabo Verde,CV,5192.481573,524877,NA,4.033616019,96.50535367,1,0,80.87,NA,5192.481573,80.87,NA,NA,NA,NA,30.76,531.3471429,0,4380.781173,Lower Middle Income,1,1,NA,NA
CUB,2015,4.42,NA,Cuba,CU,7727.919972,11275065,54.83962507,NA,31.61381248,0,0,95.76428571,54.82412805,0,0,0,1,958.5026523,873.7180282,0.74,642.69,0,9232.261159,Upper Middle Income,1,0,-6.5,0
CUB,2016,4.43,0.01,Cuba,CU,8110.558743,11265612,58.75061809,NA,27.26911324,0,0,95.76428571,54.82412805,0,0,0,1,941.5995877,873.7180282,0.78,642.69,0,9232.261159,Upper Middle Income,1,0,-6.5,0
CUB,2017,3.89,-0.54,Cuba,CU,8610.608296,11247829,55.23883109,NA,26.22243638,0,0,95.76428571,54.82412805,0,0,0,1,904.8252061,873.7180282,0.49,642.69,0,9232.261159,Upper Middle Income,1,0,-6.5,0
CUB,2018,3.47,-0.42,Cuba,CU,8911.46206,11227118,50.39394635,NA,27.08354845,0,0,95.76428571,54.82412805,0,0,0,1,858.7937638,873.7180282,0.68,642.69,0,9232.261159,Upper Middle Income,1,0,-6.5,0
CUB,2019,4.3,0.83,Cuba,CU,9232.261159,11202846,52.81362462,NA,22.82089114,0,0,95.76428571,54.82412805,0,0,0,1,854.4694562,873.7180282,1.11,642.69,0,9232.261159,Upper Middle Income,1,0,-6.5,0
CUB,2020,4.74,0.44,Cuba,CU,9605.279146,11176354,53.59377071,NA,15.68298681,0,1,95.76428571,54.82412805,0,0,0,1,805.861388,873.7180282,1.27,642.69,0,9232.261159,Upper Middle Income,1,0,-6.5,0
CUB,2021,4.42,-0.32,Cuba,CU,NA,11122168,58.13848044,NA,80.02377031,0,1,95.76428571,54.82412805,NA,0,0,1,791.9741435,873.7180282,1.34,642.69,0,9232.261159,Upper Middle Income,1,0,-6.5,0
CUB,2022,4.28,-0.14,Cuba,CU,NA,11059820,62.81333323,NA,93.86077559,1,0,95.76428571,54.82412805,NA,95.76428571,54.82412805,1,NA,873.7180282,1.72,642.69,0,9232.261159,Upper Middle Income,1,1,-6.5,0
CUB,2023,3.64,-0.64,Cuba,CU,NA,11019931,NA,NA,120.5338784,1,0,95.76428571,54.82412805,NA,95.76428571,54.82412805,1,NA,873.7180282,1.36,642.69,0,9232.261159,Upper Middle Income,1,1,-6.5,0
CUB,2024,4.02,0.38,Cuba,CU,NA,10979783,NA,NA,124.8632389,1,0,95.76428571,54.82412805,NA,95.76428571,54.82412805,1,NA,873.7180282,1.6,642.69,0,9232.261159,Upper Middle Income,1,1,-6.5,0
DJI,2015,0,NA,Djibouti,DJ,2376.125547,1020313,NA,5.932712166,268.3634563,0,0,95,NA,0,0,NA,NA,NA,NA,0,629.8557143,0,2837.169023,Lower Middle Income,1,0,3,1
DJI,2016,0,0,Djibouti,DJ,2510.430008,1037653,NA,6.142062351,213.0719986,0,0,95,NA,0,0,NA,NA,NA,NA,0,629.8557143,0,2837.169023,Lower Middle Income,1,0,3,1
DJI,2017,0,0,Djibouti,DJ,2618.955211,1054841,NA,5.970135971,305.9679664,0,0,95,NA,0,0,NA,NA,NA,NA,0,629.8557143,0,2837.169023,Lower Middle Income,1,0,3,1
DJI,2018,0,0,Djibouti,DJ,2718.083388,1071882,NA,5.83497725,300.3989005,0,0,95,NA,0,0,NA,NA,NA,NA,0,629.8557143,0,2837.169023,Lower Middle Income,1,0,3,1
DJI,2019,0,0,Djibouti,DJ,2837.169023,1088709,NA,5.665504416,320.9392304,0,0,95,NA,0,0,NA,NA,NA,NA,0,629.8557143,0,2837.169023,Lower Middle Income,1,0,3,1
DJI,2020,0,0,Djibouti,DJ,2844.888106,1105188,NA,5.032543157,225.7448713,0,1,95,NA,0,0,NA,NA,NA,NA,0,629.8557143,0,2837.169023,Lower Middle Income,1,0,3,1
DJI,2021,35,35,Djibouti,DJ,3025.911264,1121248,NA,4.914827888,263.4777287,0,1,95,NA,0,0,NA,NA,NA,NA,35,629.8557143,0,2837.169023,Lower Middle Income,1,0,3,1
DJI,2022,35,0,Djibouti,DJ,3133.257798,1137096,NA,5.24930013,302.2854092,1,0,95,NA,3133.257798,95,NA,NA,NA,NA,35,629.8557143,0,2837.169023,Lower Middle Income,1,1,3,1
DJI,2023,35,0,Djibouti,DJ,3381.297797,1152944,NA,3.514462316,285.9020438,1,0,95,NA,3381.297797,95,NA,NA,NA,NA,35,629.8557143,0,2837.169023,Lower Middle Income,1,1,3,1
DJI,2024,35,0,Djibouti,DJ,3552.723351,1168722,NA,1.633371014,241.2374631,1,0,95,NA,3552.723351,95,NA,NA,NA,NA,35,629.8557143,0,2837.169023,Lower Middle Income,1,1,3,1
DMA,2015,13.33,NA,Dominica,DM,8282.598747,70410,NA,1.227820535,NA,0,0,82.50571429,NA,0,0,NA,NA,NA,NA,0,556.8871429,0,9491.14996,Upper Middle Income,1,0,NA,NA
DMA,2016,25,11.67,Dominica,DM,8802.56172,69606,NA,6.898018551,NA,0,0,82.50571429,NA,0,0,NA,NA,NA,NA,0,556.8871429,0,9491.14996,Upper Middle Income,1,0,NA,NA
DMA,2017,23.08,-1.92,Dominica,DM,8224.648966,68496,NA,4.025381035,NA,0,0,82.50571429,NA,0,0,NA,NA,NA,NA,0,556.8871429,0,9491.14996,Upper Middle Income,1,0,NA,NA
DMA,2018,18.18,-4.9,Dominica,DM,9215.308541,68174,NA,12.46062305,NA,0,0,82.50571429,NA,0,0,NA,NA,NA,NA,0,556.8871429,0,9491.14996,Upper Middle Income,1,0,NA,NA
DMA,2019,14.29,-3.89,Dominica,DM,9491.14996,67880,NA,9.784847887,NA,0,0,82.50571429,NA,0,0,NA,NA,NA,NA,0,556.8871429,0,9491.14996,Upper Middle Income,1,0,NA,NA
DMA,2020,14.29,0,Dominica,DM,7827.748427,67573,NA,4.31749235,NA,0,1,82.50571429,NA,0,0,NA,NA,NA,NA,0,556.8871429,0,9491.14996,Upper Middle Income,1,0,NA,NA
DMA,2021,14.29,0,Dominica,DM,8376.404141,67202,NA,5.034314411,NA,0,1,82.50571429,NA,0,0,NA,NA,NA,NA,0,556.8871429,0,9491.14996,Upper Middle Income,1,0,NA,NA
DMA,2022,13.33,-0.96,Dominica,DM,9323.660895,66826,NA,2.715986435,NA,1,0,82.50571429,NA,9323.660895,82.50571429,NA,NA,NA,NA,0,556.8871429,0,9491.14996,Upper Middle Income,1,1,NA,NA
DMA,2023,13.33,0,Dominica,DM,9912.962128,66510,NA,7.282683384,NA,1,0,82.50571429,NA,9912.962128,82.50571429,NA,NA,NA,NA,0,556.8871429,0,9491.14996,Upper Middle Income,1,1,NA,NA
DOM,2015,7.89,NA,Dominican Republic,DO,6800.953094,10434829,95.35658245,3.138510609,52.34712387,0,0,86.42142857,93.00809918,0,0,0,1,797.9231707,867.3641032,1.78,576.5057143,0,8183.016236,Upper Middle Income,1,0,7.25,1
DOM,2016,11.08,3.19,Dominican Republic,DO,7160.44201,10551430,94.42444594,3.330249285,51.73065712,0,0,86.42142857,93.00809918,0,0,0,1,842.6382492,867.3641032,2.13,576.5057143,0,8183.016236,Upper Middle Income,1,0,7.25,1
DOM,2017,15.83,4.75,Dominican Republic,DO,7412.715716,10666843,93.0408094,4.5502561,50.75953555,0,0,86.42142857,93.00809918,0,0,0,1,824.3965716,867.3641032,2.76,576.5057143,0,8183.016236,Upper Middle Income,1,0,7.25,1
DOM,2018,13.77,-2.06,Dominican Republic,DO,7882.982216,10782053,93.42020617,3.229023651,52.33517096,0,0,86.42142857,93.00809918,0,0,0,1,860.8644316,867.3641032,3.72,576.5057143,0,8183.016236,Upper Middle Income,1,0,7.25,1
DOM,2019,12.55,-1.22,Dominican Republic,DO,8183.016236,10894043,93.94065391,3.173665504,50.9129822,0,0,86.42142857,93.00809918,0,0,0,1,927.8821708,867.3641032,5.45,576.5057143,0,8183.016236,Upper Middle Income,1,0,7.25,1
DOM,2020,16.16,3.61,Dominican Republic,DO,7135.222733,11008300,89.5866164,3.132659761,44.73316135,0,1,86.42142857,93.00809918,0,0,0,1,862.9222811,867.3641032,8.57,576.5057143,0,8183.016236,Upper Middle Income,1,0,7.25,1
DOM,2021,17.78,1.62,Dominican Republic,DO,8527.075486,11123476,91.28737997,3.531549383,51.95002273,0,1,86.42142857,93.00809918,0,0,0,1,954.9218476,867.3641032,9.66,576.5057143,0,8183.016236,Upper Middle Income,1,0,7.25,1
DOM,2022,18.45,0.67,Dominican Republic,DO,10104.24493,11230734,94.42068921,3.568970981,54.37819767,1,0,86.42142857,93.00809918,10104.24493,86.42142857,93.00809918,1,NA,867.3641032,10.87,576.5057143,0,8183.016236,Upper Middle Income,1,1,7.25,1
DOM,2023,17.28,-1.17,Dominican Republic,DO,10630.43174,11331265,NA,3.943755868,49.84361318,1,0,86.42142857,93.00809918,10630.43174,86.42142857,93.00809918,1,NA,867.3641032,10.43,576.5057143,0,8183.016236,Upper Middle Income,1,1,7.25,1
DOM,2024,18.85,1.57,Dominican Republic,DO,10875.66184,11427557,NA,3.601399361,51.7835144,1,0,86.42142857,93.00809918,10875.66184,86.42142857,93.00809918,1,NA,867.3641032,11.86,576.5057143,0,8183.016236,Upper Middle Income,1,1,7.25,1
DZA,2015,0.32,NA,Algeria,DZ,4685.059027,40019529,-158.9256819,-0.286832291,53.20462259,0,0,99.16714286,-150.7132463,0,0,0,0,1414.497021,1413.854483,0.12,634.2257143,0,4468.453419,Upper Middle Income,1,0,2,1
DZA,2016,0.48,0.16,Algeria,DZ,4424.98529,40850721,-178.8097828,0.906300706,49.76093279,0,0,99.16714286,-150.7132463,0,0,0,0,1371.202077,1413.854483,0.17,634.2257143,0,4468.453419,Upper Middle Income,1,0,2,1
DZA,2017,0.84,0.36,Algeria,DZ,4554.66754,41689299,-169.879215,0.647902696,49.82081617,0,0,99.16714286,-150.7132463,0,0,0,0,1380.346818,1413.854483,0.76,634.2257143,0,4468.453419,Upper Middle Income,1,0,2,1
DZA,2018,1.07,0.23,Algeria,DZ,4577.210292,42505035,-152.1807192,0.753576089,52.43616768,0,0,99.16714286,-150.7132463,0,0,0,0,1442.302112,1413.854483,0.91,634.2257143,0,4468.453419,Upper Middle Income,1,0,2,1
DZA,2019,1.06,-0.01,Algeria,DZ,4468.453419,43294546,-133.3527465,0.713947308,46.50684261,0,0,99.16714286,-150.7132463,0,0,0,0,1463.509857,1413.854483,0.88,634.2257143,0,4468.453419,Upper Middle Income,1,0,2,1
DZA,2020,1.1,0.04,Algeria,DZ,3743.541952,44042091,-124.7415318,0.693816015,40.38975656,0,1,99.16714286,-150.7132463,0,0,0,0,1373.678321,1413.854483,1.04,634.2257143,0,4468.453419,Upper Middle Income,1,0,2,1
DZA,2021,0.94,-0.16,Algeria,DZ,4160.559267,44761099,-137.1030465,0.46672848,46.83705926,0,1,99.16714286,-150.7132463,0,0,0,0,1451.445177,1413.854483,0.93,634.2257143,0,4468.453419,Upper Middle Income,1,0,2,1
DZA,2022,0.94,0,Algeria,DZ,4960.303343,45477389,-127.2435868,0.107187812,51.19008937,1,0,99.16714286,-150.7132463,4960.303343,99.16714286,-150.7132463,0,NA,1413.854483,0.92,634.2257143,0,4468.453419,Upper Middle Income,1,1,2,1
DZA,2023,0.95,0.01,Algeria,DZ,5370.477235,46164219,-129.3370441,0.489819143,43.73979845,1,0,99.16714286,-150.7132463,5370.477235,99.16714286,-150.7132463,0,NA,1413.854483,0.93,634.2257143,0,4468.453419,Upper Middle Income,1,1,2,1
DZA,2024,1.07,0.12,Algeria,DZ,5752.990767,46814308,NA,0.45537073,40.13457412,1,0,99.16714286,-150.7132463,5752.990767,99.16714286,-150.7132463,0,NA,1413.854483,1.05,634.2257143,0,4468.453419,Upper Middle Income,1,1,2,1
ECU,2015,51.1,NA,Ecuador,EC,5976.159681,16266225,-101.6885171,1.360670046,47.82803971,0,0,29.26857143,-99.40544357,0,0,0,0,937.0350248,879.7455369,0.54,218.0328571,0,6205.057652,Upper Middle Income,0,0,5,1
ECU,2016,59.97,8.87,Ecuador,EC,5917.637713,16505139,-113.6296047,0.784698089,40.5344918,0,0,29.26857143,-99.40544357,0,0,0,0,885.9089435,879.7455369,0.44,218.0328571,0,6205.057652,Upper Middle Income,0,0,5,1
ECU,2017,73.51,13.54,Ecuador,EC,6233.322448,16759519,-104.5508579,0.60527963,43.61772332,0,0,29.26857143,-99.40544357,0,0,0,0,900.0972123,879.7455369,0.39,218.0328571,0,6205.057652,Upper Middle Income,0,0,5,1
ECU,2018,71.91,-1.6,Ecuador,EC,6303.918867,17049547,-98.71152746,1.293428733,48.00934762,0,0,29.26857143,-99.40544357,0,0,0,0,859.0065245,879.7455369,0.41,218.0328571,0,6205.057652,Upper Middle Income,0,0,5,1
ECU,2019,77.78,5.87,Ecuador,EC,6205.057652,17340021,-95.75423183,0.915058229,48.08284949,0,0,29.26857143,-99.40544357,0,0,0,0,904.4176805,879.7455369,0.4,218.0328571,0,6205.057652,Upper Middle Income,0,0,5,1
ECU,2020,79.65,1.87,Ecuador,EC,5463.645153,17546065,-105.8982163,1.167547466,43.98931094,0,1,29.26857143,-99.40544357,0,0,0,0,785.5014305,879.7455369,0.39,218.0328571,0,6205.057652,Upper Middle Income,0,0,5,1
ECU,2021,81.2,1.55,Ecuador,EC,6061.323502,17682454,-75.60514972,0.607511454,53.26127561,0,1,29.26857143,-99.40544357,0,0,0,0,886.2519422,879.7455369,0.31,218.0328571,0,6205.057652,Upper Middle Income,0,0,5,1
ECU,2022,76.01,-5.19,Ecuador,EC,6515.585284,17823897,-69.40131494,0.759467924,61.88079282,1,0,29.26857143,-99.40544357,6515.585284,29.26857143,-99.40544357,0,NA,879.7455369,0.3,218.0328571,0,6205.057652,Upper Middle Income,0,0,5,1
ECU,2023,73.62,-2.39,Ecuador,EC,6737.847484,17980083,NA,0.397027679,56.99775356,1,0,29.26857143,-99.40544357,6737.847484,29.26857143,-99.40544357,0,NA,879.7455369,0.7,218.0328571,0,6205.057652,Upper Middle Income,0,0,5,1
ECU,2024,72.43,-1.19,Ecuador,EC,6874.70574,18135478,NA,0.355365031,57.20313955,1,0,29.26857143,-99.40544357,6874.70574,29.26857143,-99.40544357,0,NA,879.7455369,0.82,218.0328571,0,6205.057652,Upper Middle Income,0,0,5,1
EGY,2015,8.58,NA,"Egypt, Arab Rep.",EG,3306.981594,99597342,12.86111456,2.102581284,34.84594296,0,0,90.41428571,7.439524714,0,0,0,1,810.8171273,851.3277987,1.06,584.5657143,0,2962.98892,Lower Middle Income,1,0,NA,NA
EGY,2016,8.41,-0.17,"Egypt, Arab Rep.",EG,3270.628777,101644589,19.05398979,2.438562781,30.24654905,0,0,90.41428571,7.439524714,0,0,0,1,872.5814078,851.3277987,1.4,584.5657143,0,2962.98892,Lower Middle Income,1,0,NA,NA
EGY,2017,8.02,-0.39,"Egypt, Arab Rep.",EG,2395.103333,103696057,14.12995204,2.983015509,42.83213436,0,0,90.41428571,7.439524714,0,0,0,1,897.2180736,851.3277987,1.4,584.5657143,0,2962.98892,Lower Middle Income,1,0,NA,NA
EGY,2018,8.26,0.24,"Egypt, Arab Rep.",EG,2484.703156,105682094,4.995734589,3.100400776,45.91101967,0,0,90.41428571,7.439524714,0,0,0,1,870.8135735,851.3277987,1.78,584.5657143,0,2962.98892,Lower Middle Income,1,0,NA,NA
EGY,2019,9.76,1.5,"Egypt, Arab Rep.",EG,2962.98892,107553158,-0.531033982,2.82732945,41.12401716,0,0,90.41428571,7.439524714,0,0,0,1,844.7830134,851.3277987,3.22,584.5657143,0,2962.98892,Lower Middle Income,1,0,NA,NA
EGY,2020,11.96,2.2,"Egypt, Arab Rep.",EG,3511.11381,109315124,-0.068294372,1.52462949,32.12625557,0,1,90.41428571,7.439524714,0,0,0,1,805.2594566,851.3277987,4.87,584.5657143,0,2962.98892,Lower Middle Income,1,0,NA,NA
EGY,2021,12.1,0.14,"Egypt, Arab Rep.",EG,3827.354154,110957008,1.635210372,1.206178611,29.85697348,0,1,90.41428571,7.439524714,0,0,0,1,857.8219385,851.3277987,4.99,584.5657143,0,2962.98892,Lower Middle Income,1,0,NA,NA
EGY,2022,11.82,-0.28,"Egypt, Arab Rep.",EG,4233.307837,112618250,9.785106845,2.39118081,36.98310488,1,0,90.41428571,7.439524714,4233.307837,90.41428571,7.439524714,1,NA,851.3277987,5.03,584.5657143,0,2962.98892,Lower Middle Income,1,1,NA,NA
EGY,2023,11.7,-0.12,"Egypt, Arab Rep.",EG,3456.789685,114535772,20.25637858,2.485463984,40.45040077,1,0,90.41428571,7.439524714,3456.789685,90.41428571,7.439524714,1,NA,851.3277987,4.92,584.5657143,0,2962.98892,Lower Middle Income,1,1,NA,NA
EGY,2024,11.2,-0.5,"Egypt, Arab Rep.",EG,3338.473714,116538258,NA,11.97193509,39.60075209,1,0,90.41428571,7.439524714,3338.473714,90.41428571,7.439524714,1,NA,851.3277987,5.15,584.5657143,0,2962.98892,Lower Middle Income,1,1,NA,NA
FJI,2015,48.39,NA,Fiji,FJ,5097.531069,918578,NA,4.385992332,NA,0,0,43.52428571,NA,0,0,NA,NA,NA,NA,1.08,309.0171429,0,5842.073446,Upper Middle Income,0,0,2,1
FJI,2016,54.74,6.35,Fiji,FJ,5363.790267,919166,NA,7.943259332,NA,0,0,43.52428571,NA,0,0,NA,NA,NA,NA,1.05,309.0171429,0,5842.073446,Upper Middle Income,0,0,2,1
FJI,2017,50,-4.74,Fiji,FJ,5826.848145,918759,NA,7.240212891,NA,0,0,43.52428571,NA,0,0,NA,NA,NA,NA,0.98,309.0171429,0,5842.073446,Upper Middle Income,0,0,2,1
FJI,2018,59.09,9.09,Fiji,FJ,6085.419795,917180,NA,8.400381182,NA,0,0,43.52428571,NA,0,0,NA,NA,NA,NA,0.91,309.0171429,0,5842.073446,Upper Middle Income,0,0,2,1
FJI,2019,57.89,-1.2,Fiji,FJ,5842.073446,914899,NA,6.029717951,NA,0,0,43.52428571,NA,0,0,NA,NA,NA,NA,0.88,309.0171429,0,5842.073446,Upper Middle Income,0,0,2,1
FJI,2020,62.97,5.08,Fiji,FJ,4620.645724,914963,NA,5.662171219,NA,0,1,43.52428571,NA,0,0,NA,NA,NA,NA,0.93,309.0171429,0,5842.073446,Upper Middle Income,0,0,2,1
FJI,2021,62.26,-0.71,Fiji,FJ,4536.733121,916711,NA,9.855904354,NA,0,1,43.52428571,NA,0,0,NA,NA,NA,NA,0.94,309.0171429,0,5842.073446,Upper Middle Income,0,0,2,1
FJI,2022,60.74,-1.52,Fiji,FJ,5414.120921,919422,NA,2.080845028,NA,1,0,43.52428571,NA,5414.120921,43.52428571,NA,NA,NA,NA,0.93,309.0171429,0,5842.073446,Upper Middle Income,0,0,2,1
FJI,2023,63.47,2.73,Fiji,FJ,5926.205864,924145,NA,1.653738945,NA,1,0,43.52428571,NA,5926.205864,43.52428571,NA,NA,NA,NA,0.87,309.0171429,0,5842.073446,Upper Middle Income,0,0,2,1
FJI,2024,63.47,0,Fiji,FJ,6425.741517,928784,NA,3.411610179,NA,1,0,43.52428571,NA,6425.741517,43.52428571,NA,NA,NA,NA,0.87,309.0171429,0,5842.073446,Upper Middle Income,0,0,2,1
GAB,2015,43.39,NA,Gabon,GA,7047.126546,2040989,-203.7640205,0.289976986,73.94978146,0,0,55.38714286,-196.7497247,0,0,0,0,2550.960479,2294.402573,0,463.14,0,7441.178647,Upper Middle Income,0,0,3,1
GAB,2016,37.9,-5.49,Gabon,GA,6677.070039,2100306,-199.6199056,8.868153818,70.13338106,0,0,55.38714286,-196.7497247,0,0,0,0,2489.241799,2294.402573,0,463.14,0,7441.178647,Upper Middle Income,0,0,3,1
GAB,2017,41.97,4.07,Gabon,GA,6921.733731,2156900,-195.8613402,8.801570257,75.06874045,0,0,55.38714286,-196.7497247,0,0,0,0,2263.593357,2294.402573,0,463.14,0,7441.178647,Upper Middle Income,0,0,3,1
GAB,2018,47.12,5.15,Gabon,GA,7624.277523,2212318,-172.0135299,8.175989408,77.0365977,0,0,55.38714286,-196.7497247,0,0,0,0,2294.912201,2294.402573,0,463.14,0,7441.178647,Upper Middle Income,0,0,3,1
GAB,2019,46.48,-0.64,Gabon,GA,7441.178647,2267706,-210.2251022,9.20409838,73.42808945,0,0,55.38714286,-196.7497247,0,0,0,0,2211.812265,2294.402573,0,463.14,0,7441.178647,Upper Middle Income,0,0,3,1
GAB,2020,48.8,2.32,Gabon,GA,6605.803461,2322539,-205.6490714,11.18814423,70.11405465,0,1,55.38714286,-196.7497247,0,0,0,0,2143.314123,2294.402573,0,463.14,0,7441.178647,Upper Middle Income,0,0,3,1
GAB,2021,46.62,-2.18,Gabon,GA,8181.409141,2376722,-190.115103,7.864367108,85.34831221,0,1,55.38714286,-196.7497247,0,0,0,0,2106.983788,2294.402573,0,463.14,0,7441.178647,Upper Middle Income,0,0,3,1
GAB,2022,47.96,1.34,Gabon,GA,8409.207415,2430747,-187.59703,5.403897294,92.06308885,1,0,55.38714286,-196.7497247,8409.207415,55.38714286,-196.7497247,0,NA,2294.402573,0,463.14,0,7441.178647,Upper Middle Income,0,0,3,1
GAB,2023,35.53,-12.43,Gabon,GA,7802.824333,2484789,NA,5.935172256,91.47865332,1,0,55.38714286,-196.7497247,7802.824333,55.38714286,-196.7497247,0,NA,2294.402573,0,463.14,0,7441.178647,Upper Middle Income,0,0,3,1
GAB,2024,35.38,-0.15,Gabon,GA,8230.043115,2538952,NA,5.477505913,92.04680552,1,0,55.38714286,-196.7497247,8230.043115,55.38714286,-196.7497247,0,NA,2294.402573,0,463.14,0,7441.178647,Upper Middle Income,0,0,3,1
GEO,2015,77.86,NA,Georgia,GE,4086.622347,3725276,73.83383149,11.3986492,97.01631151,0,0,20.95571429,76.88321471,0,0,0,1,1259.159979,1328.407995,0,149.9585714,1,4741.283272,Upper Middle Income,0,0,7,1
GEO,2016,80.51,2.65,Georgia,GE,4143.401257,3727505,73.09864013,10.7469894,94.92625284,0,0,20.95571429,76.88321471,0,0,0,1,1300.498944,1328.407995,0.09,149.9585714,1,4741.283272,Upper Middle Income,0,0,7,1
GEO,2017,80.51,0,Georgia,GE,4418.752065,3728004,74.4071643,11.71836765,102.5842777,0,0,20.95571429,76.88321471,0,0,0,1,1312.786103,1328.407995,0.79,149.9585714,1,4741.283272,Upper Middle Income,0,0,7,1
GEO,2018,82.47,1.96,Georgia,GE,4804.054604,3726549,77.33343836,7.284019766,109.8477406,0,0,20.95571429,76.88321471,0,0,0,1,1301.877288,1328.407995,0.66,149.9585714,1,4741.283272,Upper Middle Income,0,0,7,1
GEO,2019,76.06,-6.41,Georgia,GE,4741.283272,3720161,80.72238949,7.925232226,117.8100802,0,0,20.95571429,76.88321471,0,0,0,1,1371.179347,1328.407995,0.76,149.9585714,1,4741.283272,Upper Middle Income,0,0,7,1
GEO,2020,74.73,-1.33,Georgia,GE,4300.857013,3722716,80.63173667,3.479970361,92.89108418,0,1,20.95571429,76.88321471,0,0,0,1,1327.386445,1328.407995,0.81,149.9585714,1,4741.283272,Upper Middle Income,0,0,7,1
GEO,2021,81.17,6.44,Georgia,GE,5083.606955,3708610,78.15530253,6.843601658,101.6009075,0,1,20.95571429,76.88321471,0,0,0,1,1425.967856,1328.407995,0.63,149.9585714,1,4741.283272,Upper Middle Income,0,0,7,1
GEO,2022,76.21,-4.96,Georgia,GE,6729.846599,3712502,79.58420686,9.036525319,114.6954377,1,0,20.95571429,76.88321471,6729.846599,20.95571429,76.88321471,1,NA,1328.407995,0.63,149.9585714,1,4741.283272,Upper Middle Income,0,0,7,1
GEO,2023,76.09,-0.12,Georgia,GE,8283.669607,3715483,79.93504666,6.862020668,107.1511792,1,0,20.95571429,76.88321471,8283.669607,20.95571429,76.88321471,1,NA,1328.407995,0.83,149.9585714,1,4741.283272,Upper Middle Income,0,0,7,1
GEO,2024,79.84,3.75,Georgia,GE,9241.491223,3699557,NA,4.688378139,103.4564714,1,0,20.95571429,76.88321471,9241.491223,20.95571429,76.88321471,1,NA,1328.407995,0.87,149.9585714,1,4741.283272,Upper Middle Income,0,0,7,1
GHA,2015,49.91,NA,Ghana,GH,1722.772828,28696068,-6.410227247,6.457376142,76.52127092,0,0,58.58142857,-25.13237817,0,0,0,0,325.6040492,362.6131632,0,423.2928571,0,2186.658227,Lower Middle Income,0,0,8,1
GHA,2016,42.22,-7.69,Ghana,GH,1912.479913,29356742,5.714781961,6.207826718,67.87699944,0,0,58.58142857,-25.13237817,0,0,0,0,327.9304794,362.6131632,0.23,423.2928571,0,2186.658227,Lower Middle Income,0,0,8,1
GHA,2017,42.64,0.42,Ghana,GH,2012.286626,30008354,-37.03311494,5.390358417,70.54836529,0,0,58.58142857,-25.13237817,0,0,0,0,351.1139713,362.6131632,0.23,423.2928571,0,2186.658227,Lower Middle Income,0,0,8,1
GHA,2018,40.71,-1.93,Ghana,GH,2195.32166,30637585,-33.65127101,4.444043577,67.95851746,0,0,58.58142857,-25.13237817,0,0,0,0,378.6574966,362.6131632,0.2,423.2928571,0,2186.658227,Lower Middle Income,0,0,8,1
GHA,2019,42.32,1.61,Ghana,GH,2186.658227,31258945,-43.16804818,5.67619931,76.82480273,0,0,58.58142857,-25.13237817,0,0,0,0,380.4211551,362.6131632,0.29,423.2928571,0,2186.658227,Lower Middle Income,0,0,8,1
GHA,2020,37.35,-4.97,Ghana,GH,2195.454817,31887809,-35.64563872,2.679374385,66.57549872,0,1,58.58142857,-25.13237817,0,0,0,0,392.3730981,362.6131632,0.3,423.2928571,0,2186.658227,Lower Middle Income,0,0,8,1
GHA,2021,34.78,-2.57,Ghana,GH,2445.186625,32518665,-25.73312905,3.18633189,62.70783091,0,1,58.58142857,-25.13237817,0,0,0,0,382.1918924,362.6131632,0.59,423.2928571,0,2186.658227,Lower Middle Income,0,0,8,1
GHA,2022,36.05,1.27,Ghana,GH,2229.891226,33149152,-22.36565223,1.932401243,70.1154558,1,0,58.58142857,-25.13237817,2229.891226,58.58142857,-25.13237817,0,NA,362.6131632,0.69,423.2928571,0,2186.658227,Lower Middle Income,0,0,8,1
GHA,2023,38.52,2.47,Ghana,GH,2383.904105,33787914,NA,1.637942082,64.38786153,1,0,58.58142857,-25.13237817,2383.904105,58.58142857,-25.13237817,0,NA,362.6131632,0.62,423.2928571,0,2186.658227,Lower Middle Income,0,0,8,1
GHA,2024,36.21,-2.31,Ghana,GH,2390.772377,34427414,NA,2.145052986,69.78842274,1,0,58.58142857,-25.13237817,2390.772377,58.58142857,-25.13237817,0,NA,362.6131632,0.7,423.2928571,0,2186.658227,Lower Middle Income,0,0,8,1
GIN,2015,78.94,NA,Guinea,GN,747.3569668,11767070,NA,0.605767982,72.44273075,0,0,31.85714286,NA,0,0,NA,NA,NA,NA,1.75,227.3,0,1031.341465,Low Income,0,0,4,1
GIN,2016,68.32,-10.62,Guinea,GN,711.9965098,12073030,NA,18.82800943,111.8394674,0,0,31.85714286,NA,0,0,NA,NA,NA,NA,1.24,227.3,0,1031.341465,Low Income,0,0,4,1
GIN,2017,69.49,1.17,Guinea,GN,833.5986217,12385659,NA,5.594271746,101.2516338,0,0,31.85714286,NA,0,0,NA,NA,NA,NA,1.13,227.3,0,1031.341465,Low Income,0,0,4,1
GIN,2018,62.37,-7.12,Guinea,GN,933.2736156,12704774,NA,2.975112563,88.98411154,0,0,31.85714286,NA,0,0,NA,NA,NA,NA,1.03,227.3,0,1031.341465,Low Income,0,0,4,1
GIN,2019,63.91,1.54,Guinea,GN,1031.341465,13034346,NA,0.330286822,78.41531323,0,0,31.85714286,NA,0,0,NA,NA,NA,NA,0.98,227.3,0,1031.341465,Low Income,0,0,4,1
GIN,2020,60.89,-3.02,Guinea,GN,1053.660977,13371183,NA,1.251712921,115.7652595,0,1,31.85714286,NA,0,0,NA,NA,NA,NA,0.81,227.3,0,1031.341465,Low Income,0,0,4,1
GIN,2021,73.08,12.19,Guinea,GN,1244.965505,13710513,NA,1.157704963,115.1955328,0,1,31.85714286,NA,0,0,NA,NA,NA,NA,0.55,227.3,0,1031.341465,Low Income,0,0,4,1
GIN,2022,74.5,1.42,Guinea,GN,1416.59612,14055137,NA,3.306303554,94.16527269,1,0,31.85714286,NA,1416.59612,31.85714286,NA,NA,NA,NA,0.75,227.3,0,1031.341465,Low Income,0,0,4,1
GIN,2023,74.5,0,Guinea,GN,1555.493758,14405468,NA,5.868228133,95.82952676,1,0,31.85714286,NA,1555.493758,31.85714286,NA,NA,NA,NA,0.75,227.3,0,1031.341465,Low Income,0,0,4,1
GIN,2024,75.18,0.68,Guinea,GN,1694.953759,14754785,NA,5.605374197,97.77781773,1,0,31.85714286,NA,1694.953759,31.85714286,NA,NA,NA,NA,0.74,227.3,0,1031.341465,Low Income,0,0,4,1
GMB,2015,0,NA,"Gambia, The",GM,619.5363643,2224529,NA,5.222556473,44.52237308,0,0,100,NA,0,0,NA,NA,NA,NA,0,657.1714286,0,738.186752,Low Income,1,0,NA,NA
GMB,2016,0,0,"Gambia, The",GM,650.0565013,2283769,NA,4.703702368,38.11408796,0,0,100,NA,0,0,NA,NA,NA,NA,0,657.1714286,0,738.186752,Low Income,1,0,NA,NA
GMB,2017,0,0,"Gambia, The",GM,642.5226413,2342189,NA,4.275241643,55.73357961,0,0,100,NA,0,0,NA,NA,NA,NA,0,657.1714286,0,738.186752,Low Income,1,0,NA,NA
GMB,2018,0,0,"Gambia, The",GM,696.219807,2399632,NA,4.896535018,64.812464,0,0,100,NA,0,0,NA,NA,NA,NA,0,657.1714286,0,738.186752,Low Income,1,0,NA,NA
GMB,2019,0,0,"Gambia, The",GM,738.186752,2456844,NA,3.919437912,55.99791162,0,0,100,NA,0,0,NA,NA,NA,NA,0,657.1714286,0,738.186752,Low Income,1,0,NA,NA
GMB,2020,0,0,"Gambia, The",GM,720.3351434,2515733,NA,10.46127557,47.39552017,0,1,100,NA,0,0,NA,NA,NA,NA,0,657.1714286,0,738.186752,Low Income,1,0,NA,NA
GMB,2021,0,0,"Gambia, The",GM,781.8909252,2576010,NA,12.50262013,42.0979828,0,1,100,NA,0,0,NA,NA,NA,NA,0,657.1714286,0,738.186752,Low Income,1,0,NA,NA
GMB,2022,0,0,"Gambia, The",GM,836.2448759,2636470,NA,10.4995861,44.72192154,1,0,100,NA,836.2448759,100,NA,NA,NA,NA,0,657.1714286,0,738.186752,Low Income,1,1,NA,NA
GMB,2023,0,0,"Gambia, The",GM,883.0241117,2697845,NA,8.627995487,39.96201732,1,0,100,NA,883.0241117,100,NA,NA,NA,NA,0,657.1714286,0,738.186752,Low Income,1,1,NA,NA
GMB,2024,0,0,"Gambia, The",GM,871.3402918,2759988,NA,9.661863319,42.17061723,1,0,100,NA,871.3402918,100,NA,NA,NA,NA,0,657.1714286,0,738.186752,Low Income,1,1,NA,NA
GNB,2015,0,NA,Guinea-Bissau,GW,645.0668372,1786457,NA,1.61191901,54.37037559,0,0,100,NA,0,0,NA,NA,NA,NA,0,630.9528571,0,811.2164259,Low Income,1,0,6,1
GNB,2016,0,0,Guinea-Bissau,GW,679.6653866,1831893,NA,1.927482726,54.30067305,0,0,100,NA,0,0,NA,NA,NA,NA,0,630.9528571,0,811.2164259,Low Income,1,0,6,1
GNB,2017,0,0,Guinea-Bissau,GW,783.1231866,1877072,NA,1.067443967,56.91374759,0,0,100,NA,0,0,NA,NA,NA,NA,0,630.9528571,0,811.2164259,Low Income,1,0,6,1
GNB,2018,0,0,Guinea-Bissau,GW,808.5316132,1922168,NA,1.323169276,55.01958904,0,0,100,NA,0,0,NA,NA,NA,NA,0,630.9528571,0,811.2164259,Low Income,1,0,6,1
GNB,2019,0,0,Guinea-Bissau,GW,811.2164259,1967696,NA,4.489252853,49.94351014,0,0,100,NA,0,0,NA,NA,NA,NA,0,630.9528571,0,811.2164259,Low Income,1,0,6,1
GNB,2020,0,0,Guinea-Bissau,GW,846.9158557,2013255,NA,1.231027142,42.88538569,0,1,100,NA,0,0,NA,NA,NA,NA,0,630.9528571,0,811.2164259,Low Income,1,0,6,1
GNB,2021,0,0,Guinea-Bissau,GW,926.7809211,2058841,NA,0.971111378,44.80945568,0,1,100,NA,0,0,NA,NA,NA,NA,0,630.9528571,0,811.2164259,Low Income,1,0,6,1
GNB,2022,0,0,Guinea-Bissau,GW,883.1991315,2105529,NA,1.164658406,45.75849523,1,0,100,NA,883.1991315,100,NA,NA,NA,NA,0,630.9528571,0,811.2164259,Low Income,1,1,6,1
GNB,2023,0,0,Guinea-Bissau,GW,988.0878864,2153339,NA,1.181249257,40.47454529,1,0,100,NA,988.0878864,100,NA,NA,NA,NA,0,630.9528571,0,811.2164259,Low Income,1,1,6,1
GNB,2024,0,0,Guinea-Bissau,GW,1007.741517,2201352,NA,1.201326891,38.80658479,1,0,100,NA,1007.741517,100,NA,NA,NA,NA,0,630.9528571,0,811.2164259,Low Income,1,1,6,1
GNQ,2015,36.15,NA,Equatorial Guinea,GQ,9068.910032,1453923,-988.3026701,9.007616631,98.87805917,0,0,66.44,-641.6714087,0,0,0,0,1370.906776,1337.774496,0,587.6328571,0,6804.149231,Upper Middle Income,1,0,-6,0
GNQ,2016,33.57,-2.58,Equatorial Guinea,GQ,7453.197979,1508186,-744.8699263,15.6154447,92.60073072,0,0,66.44,-641.6714087,0,0,0,0,1554.856561,1337.774496,0,587.6328571,0,6804.149231,Upper Middle Income,1,0,-6,0
GNQ,2017,32.84,-0.73,Equatorial Guinea,GQ,7809.104657,1562396,-780.5720645,3.154134304,102.4282583,0,0,66.44,-641.6714087,0,0,0,0,1338.099955,1337.774496,0,587.6328571,0,6804.149231,Upper Middle Income,1,0,-6,0
GNQ,2018,32.59,-0.25,Equatorial Guinea,GQ,8102.470848,1616422,-517.4252194,-1.103043721,103.6456816,0,0,66.44,-641.6714087,0,0,0,0,1413.004559,1337.774496,0,587.6328571,0,6804.149231,Upper Middle Income,1,0,-6,0
GNQ,2019,32.14,-0.45,Equatorial Guinea,GQ,6804.149231,1670177,-499.9865273,7.228119297,94.87879243,0,0,66.44,-641.6714087,0,0,0,0,1275.659437,1337.774496,0,587.6328571,0,6804.149231,Upper Middle Income,1,0,-6,0
GNQ,2020,34.75,2.61,Equatorial Guinea,GQ,5764.055029,1716468,-542.2320941,-0.091698592,77.92788464,0,1,66.44,-641.6714087,0,0,0,0,1116.564506,1337.774496,0,587.6328571,0,6804.149231,Upper Middle Income,1,0,-6,0
GNQ,2021,32.87,-1.88,Equatorial Guinea,GQ,6945.630698,1758786,-418.3113589,4.597259554,76.9666486,0,1,66.44,-641.6714087,0,0,0,0,1295.329676,1337.774496,0,587.6328571,0,6804.149231,Upper Middle Income,1,0,-6,0
GNQ,2022,31.79,-1.08,Equatorial Guinea,GQ,7589.299649,1803545,-422.7692339,10.1419331,81.81301614,1,0,66.44,-641.6714087,7589.299649,66.44,-641.6714087,0,NA,1337.774496,0,587.6328571,0,6804.149231,Upper Middle Income,1,1,-6,0
GNQ,2023,24.48,-7.31,Equatorial Guinea,GQ,6677.793435,1847549,NA,1.149181833,61.44328152,1,0,66.44,-641.6714087,6677.793435,66.44,-641.6714087,0,NA,1337.774496,0,587.6328571,0,6804.149231,Upper Middle Income,1,1,-6,0
GNQ,2024,26.85,2.37,Equatorial Guinea,GQ,6745.400132,1892516,NA,1.4727789,60.5414511,1,0,66.44,-641.6714087,6745.400132,66.44,-641.6714087,0,NA,1337.774496,0,587.6328571,0,6804.149231,Upper Middle Income,1,1,-6,0
GRD,2015,0,NA,Grenada,GD,8694.12438,114676,NA,15.47318847,NA,0,0,100,NA,0,0,NA,NA,NA,NA,0,651.7957143,0,10462.79292,Upper Middle Income,1,0,NA,NA
GRD,2016,0,0,Grenada,GD,9221.234611,115130,NA,10.30633053,NA,0,0,100,NA,0,0,NA,NA,NA,NA,0,651.7957143,0,10462.79292,Upper Middle Income,1,0,NA,NA
GRD,2017,0,0,Grenada,GD,9751.426612,115438,NA,13.61645083,NA,0,0,100,NA,0,0,NA,NA,NA,NA,0,651.7957143,0,10462.79292,Upper Middle Income,1,0,NA,NA
GRD,2018,0,0,Grenada,GD,10083.02128,115691,NA,15.94413496,NA,0,0,100,NA,0,0,NA,NA,NA,NA,0,651.7957143,0,10462.79292,Upper Middle Income,1,0,NA,NA
GRD,2019,0,0,Grenada,GD,10462.79292,115981,NA,17.19145797,NA,0,0,100,NA,0,0,NA,NA,NA,NA,0,651.7957143,0,10462.79292,Upper Middle Income,1,0,NA,NA
GRD,2020,0,0,Grenada,GD,8968.558901,116341,NA,13.53996553,NA,0,1,100,NA,0,0,NA,NA,NA,NA,0,651.7957143,0,10462.79292,Upper Middle Income,1,0,NA,NA
GRD,2021,0,0,Grenada,GD,9617.289029,116688,NA,13.56447627,NA,0,1,100,NA,0,0,NA,NA,NA,NA,0,651.7957143,0,10462.79292,Upper Middle Income,1,0,NA,NA
GRD,2022,0,0,Grenada,GD,10469.3867,116913,NA,13.31380871,NA,1,0,100,NA,10469.3867,100,NA,NA,NA,NA,0,651.7957143,0,10462.79292,Upper Middle Income,1,1,NA,NA
GRD,2023,0,0,Grenada,GD,11414.47817,117081,NA,16.48073175,NA,1,0,100,NA,11414.47817,100,NA,NA,NA,NA,0,651.7957143,0,10462.79292,Upper Middle Income,1,1,NA,NA
GRD,2024,0,0,Grenada,GD,11705.0903,117207,NA,11.94862882,NA,1,0,100,NA,11705.0903,100,NA,NA,NA,NA,0,651.7957143,0,10462.79292,Upper Middle Income,1,1,NA,NA
GTM,2015,61.14,NA,Guatemala,GT,3893.505333,15971743,39.17545356,1.935087949,49.89345177,0,0,32.73857143,37.85607131,0,0,0,1,787.3338026,838.9033215,2.41,329.8657143,0,4511.998396,Upper Middle Income,0,0,8,1
GTM,2016,61.8,0.66,Guatemala,GT,4060.137847,16268760,37.52161982,1.280458621,46.37273447,0,0,32.73857143,37.85607131,0,0,0,1,833.6195645,838.9033215,3.45,329.8657143,0,4511.998396,Upper Middle Income,0,0,8,1
GTM,2017,68.63,6.83,Guatemala,GT,4324.997689,16567357,35.51126196,1.393289314,46.06940335,0,0,32.73857143,37.85607131,0,0,0,1,817.7430373,838.9033215,3.4,329.8657143,0,4511.998396,Upper Middle Income,0,0,8,1
GTM,2018,66.12,-2.51,Guatemala,GT,4352.945933,16845685,35.69530197,1.257900654,47.01168527,0,0,32.73857143,37.85607131,0,0,0,1,833.8962896,838.9033215,3.93,329.8657143,0,4511.998396,Upper Middle Income,0,0,8,1
GTM,2019,63.86,-2.26,Guatemala,GT,4511.998396,17103803,42.43755493,1.517070735,45.51673415,0,0,32.73857143,37.85607131,0,0,0,1,851.6412181,838.9033215,4.41,329.8657143,0,4511.998396,Upper Middle Income,0,0,8,1
GTM,2020,75.77,11.91,Guatemala,GT,4477.61785,17357325,34.7294006,1.292303824,41.14075945,0,1,32.73857143,37.85607131,0,0,0,1,823.8164593,838.9033215,4.27,329.8657143,0,4511.998396,Upper Middle Income,0,0,8,1
GTM,2021,73.5,-2.27,Guatemala,GT,4912.622404,17598650,39.92190632,4.194485713,49.26114946,0,1,32.73857143,37.85607131,0,0,0,1,924.2728792,838.9033215,3.56,329.8657143,0,4511.998396,Upper Middle Income,0,0,8,1
GTM,2022,84.65,11.15,Guatemala,GT,5358.70157,17847877,38.36401675,1.516155269,54.43103848,1,0,32.73857143,37.85607131,5358.70157,32.73857143,37.85607131,1,NA,838.9033215,4.01,329.8657143,0,4511.998396,Upper Middle Income,0,0,8,1
GTM,2023,67.27,-17.38,Guatemala,GT,5758.327608,18124838,NA,1.581230292,48.29707075,1,0,32.73857143,37.85607131,5758.327608,32.73857143,37.85607131,1,NA,838.9033215,3.89,329.8657143,0,4511.998396,Upper Middle Income,0,0,8,1
GTM,2024,68.33,1.06,Guatemala,GT,6150.025714,18406359,NA,1.632518514,47.34419676,1,0,32.73857143,37.85607131,6150.025714,32.73857143,37.85607131,1,NA,838.9033215,4.11,329.8657143,0,4511.998396,Upper Middle Income,0,0,8,1
HND,2015,44.06,NA,Honduras,HN,2271.20266,9237305,43.67517714,6.275943284,107.2644054,0,0,45.53285714,52.03322909,0,0,0,1,659.3940734,582.3697164,12.32,329.0185714,0,2502.327443,Lower Middle Income,0,0,7,1
HND,2016,48.06,4,Honduras,HN,2307.344684,9412380,46.31874058,5.281569734,99.81571695,0,0,45.53285714,52.03322909,0,0,0,1,616.3914054,582.3697164,15.81,329.0185714,0,2502.327443,Lower Middle Income,0,0,7,1
HND,2017,57.35,9.29,Honduras,HN,2413.007656,9588137,61.55303996,4.105920467,101.8131111,0,0,45.53285714,52.03322909,0,0,0,1,537.5923822,582.3697164,16.09,329.0185714,0,2502.327443,Lower Middle Income,0,0,7,1
HND,2018,62.83,5.48,Honduras,HN,2464.642415,9765210,51.61362928,5.993861207,103.5511622,0,0,45.53285714,52.03322909,0,0,0,1,565.0779163,582.3697164,19.88,329.0185714,0,2502.327443,Lower Middle Income,0,0,7,1
HND,2019,52.91,-9.92,Honduras,HN,2502.327443,9943633,54.04818057,3.838464082,99.45997799,0,0,45.53285714,52.03322909,0,0,0,1,583.5919114,582.3697164,18.2,329.0185714,0,2502.327443,Lower Middle Income,0,0,7,1
HND,2020,54.64,1.73,Honduras,HN,2307.614943,10119640,52.21037576,1.010682239,88.00085638,0,1,45.53285714,52.03322909,0,0,0,1,544.5738557,582.3697164,17.95,329.0185714,0,2502.327443,Lower Middle Income,0,0,7,1
HND,2021,61.41,6.77,Honduras,HN,2735.147515,10289877,54.81346034,2.843613297,103.3726435,0,1,45.53285714,52.03322909,0,0,0,1,569.9664706,582.3697164,17.17,329.0185714,0,2502.327443,Lower Middle Income,0,0,7,1
HND,2022,59.67,-1.74,Honduras,HN,3003.289968,10463872,55.51171855,2.41292398,112.6985249,1,0,45.53285714,52.03322909,3003.289968,45.53285714,52.03322909,1,NA,582.3697164,15.27,329.0185714,0,2502.327443,Lower Middle Income,0,0,7,1
HND,2023,54.36,-5.31,Honduras,HN,3227.457625,10644851,60.56703759,3.161363643,98.79197983,1,0,45.53285714,52.03322909,3227.457625,45.53285714,52.03322909,1,NA,582.3697164,13.85,329.0185714,0,2502.327443,Lower Middle Income,0,0,7,1
HND,2024,55.45,1.09,Honduras,HN,3426.434833,10825703,NA,3.529037496,91.11015859,1,0,45.53285714,52.03322909,3426.434833,45.53285714,52.03322909,1,NA,582.3697164,15.47,329.0185714,0,2502.327443,Lower Middle Income,0,0,7,1
HTI,2015,7.77,NA,Haiti,HT,1411.126847,10523242,NA,0.711667597,41.94573812,0,0,87.54714286,NA,0,0,NA,NA,400.1478972,404.46324,0,576.3914286,0,1352.172042,Lower Middle Income,1,0,3.75,1
HTI,2016,6.48,-1.29,Haiti,HT,1318.402682,10671457,NA,0.74559621,41.41090222,0,0,87.54714286,NA,0,0,NA,NA,408.5721555,404.46324,0,576.3914286,0,1352.172042,Lower Middle Income,1,0,3.75,1
HTI,2017,12.26,5.78,Haiti,HT,1395.239452,10817754,NA,2.483609153,42.07454779,0,0,87.54714286,NA,0,0,NA,NA,408.7762302,404.46324,0,576.3914286,0,1352.172042,Lower Middle Income,1,0,3.75,1
HTI,2018,18.27,6.01,Haiti,HT,1496.38049,10962362,NA,0.640093066,45.1385763,0,0,87.54714286,NA,0,0,NA,NA,418.1299251,404.46324,0,576.3914286,0,1352.172042,Lower Middle Income,1,0,3.75,1
HTI,2019,16.04,-2.23,Haiti,HT,1352.172042,11105163,NA,0.49946421,44.56871878,0,0,87.54714286,NA,0,0,NA,NA,406.8708626,404.46324,0,576.3914286,0,1352.172042,Lower Middle Income,1,0,3.75,1
HTI,2020,13.73,-2.31,Haiti,HT,1290.325387,11243848,NA,0.172316078,37.41388013,0,1,87.54714286,NA,0,0,NA,NA,391.1844806,404.46324,0,576.3914286,0,1352.172042,Lower Middle Income,1,0,3.75,1
HTI,2021,12.62,-1.11,Haiti,HT,1841.331893,11374586,NA,0.244929573,37.04655946,0,1,87.54714286,NA,0,0,NA,NA,397.5611284,404.46324,0,576.3914286,0,1352.172042,Lower Middle Income,1,0,3.75,1
HTI,2022,18.81,6.19,Haiti,HT,1760.626357,11503606,NA,0.194598953,36.52955028,1,0,87.54714286,NA,1760.626357,87.54714286,NA,NA,NA,404.46324,0,576.3914286,0,1352.172042,Lower Middle Income,1,1,3.75,1
HTI,2023,22.35,3.54,Haiti,HT,1705.758085,11637398,NA,0.119129583,30.7854237,1,0,87.54714286,NA,1705.758085,87.54714286,NA,NA,NA,404.46324,0,576.3914286,0,1352.172042,Lower Middle Income,1,1,3.75,1
HTI,2024,18.6,-3.75,Haiti,HT,2142.623305,11772557,NA,0.079293645,22.24788537,1,0,87.54714286,NA,2142.623305,87.54714286,NA,NA,NA,404.46324,0,576.3914286,0,1352.172042,Lower Middle Income,1,1,3.75,1
IDN,2015,13.8,NA,Indonesia,ID,3288.222697,261799249,-109.2714861,2.297616394,41.93764024,0,0,83.56571429,-97.89114754,0,0,0,0,704.2481784,804.5006342,0,688.7528571,0,4106.948562,Lower Middle Income,1,0,9,1
IDN,2016,15.36,1.56,Indonesia,ID,3521.469435,264627418,-106.4851795,0.487372471,37.4213418,0,0,83.56571429,-97.89114754,0,0,0,0,724.4164827,804.5006342,0.01,688.7528571,0,4106.948562,Lower Middle Income,1,0,9,1
IDN,2017,16.24,0.88,Indonesia,ID,3798.883262,267346658,-100.4014145,2.019489198,39.35549707,0,0,83.56571429,-97.89114754,0,0,0,0,761.4103916,804.5006342,0.01,688.7528571,0,4106.948562,Lower Middle Income,1,0,9,1
IDN,2018,17.05,0.81,Indonesia,ID,3860.953531,269951846,-98.01327589,1.814289793,43.07430896,0,0,83.56571429,-97.89114754,0,0,0,0,832.3618617,804.5006342,0.1,688.7528571,0,4106.948562,Lower Middle Income,1,0,9,1
IDN,2019,16.26,-0.79,Indonesia,ID,4106.948562,272489381,-99.18164887,2.233362043,37.62777754,0,0,83.56571429,-97.89114754,0,0,0,0,850.7377257,804.5006342,0.2,688.7528571,0,4106.948562,Lower Middle Income,1,0,9,1
IDN,2020,18.13,1.87,Indonesia,ID,3853.702888,274814866,-86.94797312,1.81058402,32.9721754,0,1,83.56571429,-97.89114754,0,0,0,0,856.0961954,804.5006342,0.22,688.7528571,0,4106.948562,Lower Middle Income,1,0,9,1
IDN,2021,18.16,0.03,Indonesia,ID,4287.17314,276758053,-84.93705477,1.787855631,40.20475827,0,1,83.56571429,-97.89114754,0,0,0,0,902.233604,804.5006342,0.2,688.7528571,0,4106.948562,Lower Middle Income,1,0,9,1
IDN,2022,19.6,1.44,Indonesia,ID,4730.834848,278830529,-82.91927561,1.872641009,45.4646702,1,0,83.56571429,-97.89114754,4730.834848,83.56571429,-97.89114754,0,NA,804.5006342,0.24,688.7528571,0,4106.948562,Lower Middle Income,1,1,9,1
IDN,2023,18.59,-1.01,Indonesia,ID,4876.307745,281190067,-89.54881628,1.571166942,41.33628687,1,0,83.56571429,-97.89114754,4876.307745,83.56571429,-97.89114754,0,NA,804.5006342,0.34,688.7528571,0,4106.948562,Lower Middle Income,1,1,9,1
IDN,2024,18.09,-0.5,Indonesia,ID,4925.430488,283487931,NA,1.738555008,42.5726473,1,0,83.56571429,-97.89114754,4925.430488,83.56571429,-97.89114754,0,NA,804.5006342,0.49,688.7528571,0,4106.948562,Lower Middle Income,1,1,9,1
IND,2015,14.62,NA,India,IN,1583.998159,1328024498,37.28278221,2.092115214,41.92291387,0,0,80.68428571,37.36319846,0,0,0,1,622.339884,648.8518533,3.04,732.91,0,2041.428637,Lower Middle Income,1,0,9,1
IND,2016,14.43,-0.19,India,IN,1707.508929,1343944296,37.38741865,1.937364122,40.08248571,0,0,80.68428571,37.36319846,0,0,0,1,627.273531,648.8518533,3.98,732.91,0,2041.428637,Lower Middle Income,1,0,9,1
IND,2017,15.46,1.03,India,IN,1950.104683,1359657400,37.47131053,1.507315833,40.74249695,0,0,80.68428571,37.36319846,0,0,0,1,648.0147183,648.8518533,5.13,732.91,0,2041.428637,Lower Middle Income,1,0,9,1
IND,2018,16.29,0.83,India,IN,1966.254552,1374659064,37.58434677,1.558214838,43.61696933,0,0,80.68428571,37.36319846,0,0,0,1,668.3033702,648.8518533,6.22,732.91,0,2041.428637,Lower Middle Income,1,0,9,1
IND,2019,17.62,1.33,India,IN,2041.428637,1389030312,39.2996983,1.78482634,39.90540353,0,0,80.68428571,37.36319846,0,0,0,1,666.9773475,648.8518533,6.29,732.91,0,2041.428637,Lower Middle Income,1,0,9,1
IND,2020,19.01,1.39,India,IN,1907.042516,1402617695,37.48125277,2.406203227,37.75810533,0,1,80.68428571,37.36319846,0,0,0,1,632.2398285,648.8518533,7.25,732.91,0,2041.428637,Lower Middle Income,1,0,9,1
IND,2021,18.8,-0.21,India,IN,2239.613844,1414203896,35.03557996,1.41217101,45.42308878,0,1,80.68428571,37.36319846,0,0,0,1,676.8142935,648.8518533,7.97,732.91,0,2041.428637,Lower Middle Income,1,0,9,1
IND,2022,20.19,1.39,India,IN,2347.448294,1425423212,36.52941238,1.492488259,50.07527015,1,0,80.68428571,37.36319846,2347.448294,80.68428571,37.36319846,1,NA,648.8518533,9.2,732.91,0,2041.428637,Lower Middle Income,1,1,9,1
IND,2023,19.29,-0.9,India,IN,2530.120313,1438069596,36.08718435,0.771919134,44.99284229,1,0,80.68428571,37.36319846,2530.120313,80.68428571,37.36319846,1,NA,648.8518533,10.3,732.91,0,2041.428637,Lower Middle Income,1,1,9,1
IND,2024,19.81,0.52,India,IN,2694.737809,1450935791,NA,0.694133153,44.64929351,1,0,80.68428571,37.36319846,2694.737809,80.68428571,37.36319846,1,NA,648.8518533,11.03,732.91,0,2041.428637,Lower Middle Income,1,1,9,1
IRN,2015,4.79,NA,"Iran, Islamic Rep.",IR,4952.733555,82619362,-32.5650713,0.500987695,39.42258866,0,0,92.12,-38.14370717,0,0,0,0,2737.217951,3048.304624,0.05,641.8557143,0,3997.493545,Lower Middle Income,1,0,NA,NA
IRN,2016,5.46,0.67,"Iran, Islamic Rep.",IR,5710.599471,83812228,-55.21554687,0.704528359,39.87724177,0,0,92.12,-38.14370717,0,0,0,0,2861.013085,3048.304624,0.06,641.8557143,0,3997.493545,Lower Middle Income,1,0,NA,NA
IRN,2017,5.79,0.33,"Iran, Islamic Rep.",IR,6000.933464,85026754,-53.59769643,0.983654956,43.15569314,0,0,92.12,-38.14370717,0,0,0,0,3026.762714,3048.304624,0.13,641.8557143,0,3997.493545,Lower Middle Income,1,0,NA,NA
IRN,2018,3.47,-2.32,"Iran, Islamic Rep.",IR,4783.010673,86117998,-49.78875899,0.576106086,56.61534961,0,0,92.12,-38.14370717,0,0,0,0,2921.43584,3048.304624,0.31,641.8557143,0,3997.493545,Lower Middle Income,1,0,NA,NA
IRN,2019,11.01,7.54,"Iran, Islamic Rep.",IR,3997.493545,87051648,-27.24212743,0.433347777,48.59177121,0,0,92.12,-38.14370717,0,0,0,0,3177.856791,3048.304624,0.39,641.8557143,0,3997.493545,Lower Middle Income,1,0,NA,NA
IRN,2020,7.4,-3.61,"Iran, Islamic Rep.",IR,3202.500035,87723443,-22.07737264,0.477691709,43.88446749,0,1,92.12,-38.14370717,0,0,0,0,3256.876321,3048.304624,0.51,641.8557143,0,3997.493545,Lower Middle Income,1,0,NA,NA
IRN,2021,4.38,-3.02,"Iran, Islamic Rep.",IR,4605.148813,88455488,-26.5193765,0.349821432,42.67237954,0,1,92.12,-38.14370717,0,0,0,0,3356.96967,3048.304624,0.49,641.8557143,0,3997.493545,Lower Middle Income,1,0,NA,NA
IRN,2022,4.3,-0.08,"Iran, Islamic Rep.",IR,4721.204371,89524246,-32.49445928,0.354893289,48.91835082,1,0,92.12,-38.14370717,4721.204371,92.12,-38.14370717,0,NA,3048.304624,0.48,641.8557143,0,3997.493545,Lower Middle Income,1,1,NA,NA
IRN,2023,6.48,2.18,"Iran, Islamic Rep.",IR,5049.299316,90608707,NA,0.310885408,49.3935501,1,0,92.12,-38.14370717,5049.299316,92.12,-38.14370717,0,NA,3048.304624,0.5,641.8557143,0,3997.493545,Lower Middle Income,1,1,NA,NA
IRN,2024,5.33,-1.15,"Iran, Islamic Rep.",IR,5190.16959,91567738,NA,0.304914201,52.06213068,1,0,92.12,-38.14370717,5190.16959,92.12,-38.14370717,0,NA,3048.304624,0.55,641.8557143,0,3997.493545,Lower Middle Income,1,1,NA,NA
IRQ,2015,3.69,NA,Iraq,IQ,4440.141893,37560535,-392.8861922,-4.541592354,69.5917686,0,0,96.64285714,-370.9742745,0,0,0,0,998.3495453,1183.731009,0.08,667.5114286,0,5671.856863,Upper Middle Income,1,0,6,1
IRQ,2016,4.18,0.49,Iraq,IQ,4334.420964,38469627,-451.101947,-3.751809116,54.58832019,0,0,96.64285714,-370.9742745,0,0,0,0,1076.457291,1183.731009,0.07,667.5114286,0,5671.856863,Upper Middle Income,1,0,6,1
IRQ,2017,2.39,-1.79,Iraq,IQ,4759.284644,39337353,-404.9588402,-2.687994284,59.78091239,0,0,96.64285714,-370.9742745,0,0,0,0,1185.881063,1183.731009,0.06,667.5114286,0,5671.856863,Upper Middle Income,1,0,6,1
IRQ,2018,1.91,-0.48,Iraq,IQ,5646.689321,40265624,-362.545083,-2.148548348,65.80179177,0,0,96.64285714,-370.9742745,0,0,0,0,1287.113561,1183.731009,0.06,667.5114286,0,5671.856863,Upper Middle Income,1,0,6,1
IRQ,2019,4.36,2.45,Iraq,IQ,5671.856863,41192171,-357.4716442,-1.316406167,68.98993842,0,0,96.64285714,-370.9742745,0,0,0,0,1319.495176,1183.731009,0.05,667.5114286,0,5671.856863,Upper Middle Income,1,0,6,1
IRQ,2020,3.87,-0.49,Iraq,IQ,4295.189451,42116605,-340.4356165,-1.580496963,57.7423164,0,1,96.64285714,-370.9742745,0,0,0,0,1142.907361,1183.731009,0.32,667.5114286,0,5671.856863,Upper Middle Income,1,0,6,1
IRQ,2021,3.1,-0.77,Iraq,IQ,4868.494311,43071211,-287.4205986,-1.257702098,61.50326831,0,1,96.64285714,-370.9742745,0,0,0,0,1275.913065,1183.731009,0.32,667.5114286,0,5671.856863,Upper Middle Income,1,0,6,1
IRQ,2022,2.26,-0.84,Iraq,IQ,6520.731546,44070551,-274.8773606,-0.726653367,68.75879409,1,0,96.64285714,-370.9742745,6520.731546,96.64285714,-370.9742745,0,NA,1183.731009,0.28,667.5114286,0,5671.856863,Upper Middle Income,1,1,6,1
IRQ,2023,1.21,-1.05,Iraq,IQ,5965.318351,45074049,NA,-1.994748223,69.4613208,1,0,96.64285714,-370.9742745,5965.318351,96.64285714,-370.9742745,0,NA,1183.731009,0.26,667.5114286,0,5671.856863,Upper Middle Income,1,1,6,1
IRQ,2024,1.63,0.42,Iraq,IQ,6073.610323,46042015,NA,-2.73525447,70.70874347,1,0,96.64285714,-370.9742745,6073.610323,96.64285714,-370.9742745,0,NA,1183.731009,0.29,667.5114286,0,5671.856863,Upper Middle Income,1,1,6,1
JAM,2015,10.28,NA,Jamaica,JM,5339.307183,2802534,109.4372017,6.181523745,NA,0,0,87.33428571,112.129157,0,0,0,1,900.563813,940.7832543,3.27,572.5157143,0,6030.688964,Upper Middle Income,1,0,9,1
JAM,2016,12.25,1.97,Jamaica,JM,5302.295534,2809915,108.1912105,6.228449791,NA,0,0,87.33428571,112.129157,0,0,0,1,995.5755118,940.7832543,4.9,572.5157143,0,6030.688964,Upper Middle Income,1,0,9,1
JAM,2017,11.64,-0.61,Jamaica,JM,5605.435412,2815764,113.8341634,5.631390636,NA,0,0,87.33428571,112.129157,0,0,0,1,917.139932,940.7832543,6.62,572.5157143,0,6030.688964,Upper Middle Income,1,0,9,1
JAM,2018,14.65,3.01,Jamaica,JM,5976.903626,2820097,109.2299357,4.595669031,NA,0,0,87.33428571,112.129157,0,0,0,1,1029.18714,940.7832543,8.84,572.5157143,0,6030.688964,Upper Middle Income,1,0,9,1
JAM,2019,12.72,-1.93,Jamaica,JM,6030.688964,2823271,111.2775746,3.908170044,NA,0,0,87.33428571,112.129157,0,0,0,1,1072.419193,940.7832543,7.76,572.5157143,0,6030.688964,Upper Middle Income,1,0,9,1
JAM,2020,13.78,1.06,Jamaica,JM,5299.045308,2830739,116.0056432,1.767311785,NA,0,1,87.33428571,112.129157,0,0,0,1,792.6938618,940.7832543,9.34,572.5157143,0,6030.688964,Upper Middle Income,1,0,9,1
JAM,2021,13.34,-0.44,Jamaica,JM,5625.678063,2837682,116.92837,2.007531327,NA,0,1,87.33428571,112.129157,0,0,0,1,877.9033278,940.7832543,8.97,572.5157143,0,6030.688964,Upper Middle Income,1,0,9,1
JAM,2022,12.92,-0.42,Jamaica,JM,6626.475024,2839144,112.5753234,1.694186171,NA,1,0,87.33428571,112.129157,6626.475024,87.33428571,112.129157,1,NA,940.7832543,8.91,572.5157143,0,6030.688964,Upper Middle Income,1,1,9,1
JAM,2023,12.17,-0.75,Jamaica,JM,7542.400843,2839786,NA,2.298971604,NA,1,0,87.33428571,112.129157,7542.400843,87.33428571,112.129157,1,NA,940.7832543,8.39,572.5157143,0,6030.688964,Upper Middle Income,1,1,9,1
JAM,2024,12.6,0.43,Jamaica,JM,7753.800696,2839175,NA,1.385818131,NA,1,0,87.33428571,112.129157,7753.800696,87.33428571,112.129157,1,NA,940.7832543,8.94,572.5157143,0,6030.688964,Upper Middle Income,1,1,9,1
JOR,2015,1.2,NA,Jordan,JO,4042.756781,9544729,101.5026494,4.147202292,95.35791223,0,0,88.67571429,97.56981776,0,0,0,1,903.433667,840.8326585,0.89,613.5385714,0,4170.1144,Lower Middle Income,1,0,-3,0
JOR,2016,4.37,3.17,Jordan,JO,3986.71677,10006367,101.2561044,3.892851429,88.7207179,0,0,88.67571429,97.56981776,0,0,0,1,887.6167594,840.8326585,4.17,613.5385714,0,4170.1144,Lower Middle Income,1,0,-3,0
JOR,2017,6.74,2.37,Jordan,JO,4065.616287,10234226,98.86165827,4.878141332,89.73160051,0,0,88.67571429,97.56981776,0,0,0,1,917.0415684,840.8326585,6.55,613.5385714,0,4170.1144,Lower Middle Income,1,0,-3,0
JOR,2018,10.61,3.87,Jordan,JO,4145.439897,10462306,96.99878659,2.201776866,87.63591519,0,0,88.67571429,97.56981776,0,0,0,1,869.2120051,840.8326585,10.51,613.5385714,0,4170.1144,Lower Middle Income,1,0,-3,0
JOR,2019,14.42,3.81,Jordan,JO,4170.1144,10671891,98.83074479,1.639705651,85.6878335,0,0,88.67571429,97.56981776,0,0,0,1,811.583012,840.8326585,14.32,613.5385714,0,4170.1144,Lower Middle Income,1,0,-3,0
JOR,2020,18.94,4.52,Jordan,JO,4022.040136,10865228,93.20410683,1.739759783,66.05994881,0,1,88.67571429,97.56981776,0,0,0,1,754.9438317,840.8326585,18.84,613.5385714,0,4170.1144,Lower Middle Income,1,0,-3,0
JOR,2021,22.98,4.04,Jordan,JO,4183.499983,11066356,92.33467411,1.34316062,80.33286994,0,1,88.67571429,97.56981776,0,0,0,1,741.9977657,840.8326585,22.89,613.5385714,0,4170.1144,Lower Middle Income,1,0,-3,0
JOR,2022,23.13,0.15,Jordan,JO,4332.251599,11256263,96.35232793,1.973825354,104.0954594,1,0,88.67571429,97.56981776,4332.251599,88.67571429,97.56981776,1,NA,840.8326585,23.04,613.5385714,0,4170.1144,Lower Middle Income,1,1,-3,0
JOR,2023,21.95,-1.18,Jordan,JO,4466.083142,11439213,NA,3.927183138,100.3478688,1,0,88.67571429,97.56981776,4466.083142,88.67571429,97.56981776,1,NA,840.8326585,21.87,613.5385714,0,4170.1144,Lower Middle Income,1,1,-3,0
JOR,2024,24.07,2.12,Jordan,JO,4618.095925,11552876,NA,3.063875797,99.67944774,1,0,88.67571429,97.56981776,4618.095925,88.67571429,97.56981776,1,NA,840.8326585,23.99,613.5385714,0,4170.1144,Lower Middle Income,1,1,-3,0
KAZ,2015,10.3,NA,Kazakhstan,KZ,10196.12263,18084169,-163.3470937,3.567374022,53.04972881,0,0,89.03428571,-142.6331524,0,0,0,0,3050.943855,3477.199015,0.19,833.2328571,0,9457.126147,Upper Middle Income,1,0,-6,0
KAZ,2016,12.67,2.37,Kazakhstan,KZ,7475.566887,18363600,-138.7214481,12.54662028,60.31159659,0,0,89.03428571,-142.6331524,0,0,0,0,3389.097318,3477.199015,0.39,833.2328571,0,9457.126147,Upper Middle Income,1,0,-6,0
KAZ,2017,11.29,-1.38,Kazakhstan,KZ,8943.084168,18651931,-159.1798551,2.85205738,56.82538794,0,0,89.03428571,-142.6331524,0,0,0,0,3404.267075,3477.199015,0.42,833.2328571,0,9457.126147,Upper Middle Income,1,0,-6,0
KAZ,2018,10.17,-1.12,Kazakhstan,KZ,9472.485273,18932727,-138.0527847,0.196995427,63.52795651,0,0,89.03428571,-142.6331524,0,0,0,0,3814.138734,3477.199015,0.49,833.2328571,0,9457.126147,Upper Middle Income,1,0,-6,0
KAZ,2019,10.42,0.25,Kazakhstan,KZ,9457.126147,19209555,-129.4510981,2.053676493,64.85861655,0,0,89.03428571,-142.6331524,0,0,0,0,3753.157933,3477.199015,1.04,833.2328571,0,9457.126147,Upper Middle Income,1,0,-6,0
KAZ,2020,10.99,0.57,Kazakhstan,KZ,8781.507978,19482117,-140.2484088,4.211999903,57.02644237,0,1,89.03428571,-142.6331524,0,0,0,0,3388.387891,3477.199015,2.09,833.2328571,0,9457.126147,Upper Middle Income,1,0,-6,0
KAZ,2021,10.94,-0.05,Kazakhstan,KZ,9983.601036,19743603,-129.431378,2.316758746,58.66860858,0,1,89.03428571,-142.6331524,0,0,0,0,3540.400298,3477.199015,2.94,833.2328571,0,9457.126147,Upper Middle Income,1,0,-6,0
KAZ,2022,11.71,0.77,Kazakhstan,KZ,11255.33964,20034609,-119.3106365,2.25355435,68.33431474,1,0,89.03428571,-142.6331524,11255.33964,89.03428571,-142.6331524,0,NA,3477.199015,3.6,833.2328571,0,9457.126147,Upper Middle Income,1,1,-6,0
KAZ,2023,12.74,1.03,Kazakhstan,KZ,12879.42753,20330104,-119.1426832,2.18549415,62.33428377,1,0,89.03428571,-142.6331524,12879.42753,89.03428571,-142.6331524,0,NA,3477.199015,4.98,833.2328571,0,9457.126147,Upper Middle Income,1,1,-6,0
KAZ,2024,15.21,2.47,Kazakhstan,KZ,14154.6325,20592571,NA,0.678943747,57.1613432,1,0,89.03428571,-142.6331524,14154.6325,89.03428571,-142.6331524,0,NA,3477.199015,5.72,833.2328571,0,9457.126147,Upper Middle Income,1,1,-6,0
KEN,2015,89.81,NA,Kenya,KE,1489.119598,47088526,21.51575682,0.883799936,40.32738469,0,0,11.67,22.38841297,0,0,0,1,530.458901,538.1978097,1.12,109.2242857,1,1960.408089,Lower Middle Income,0,0,9,1
KEN,2016,89.25,-0.56,Kenya,KE,1554.126103,48139687,22.17014389,0.627591266,34.86501957,0,0,11.67,22.38841297,0,0,0,1,533.4077785,538.1978097,1.24,109.2242857,1,1960.408089,Lower Middle Income,0,0,9,1
KEN,2017,80.88,-8.37,Kenya,KE,1667.484472,49197766,23.14415794,1.640836904,35.99505788,0,0,11.67,22.38841297,0,0,0,1,538.6069039,538.1978097,1.2,109.2242857,1,1960.408089,Lower Middle Income,0,0,9,1
KEN,2018,86.29,5.41,Kenya,KE,1836.452755,50207107,23.11337672,0.832686218,34.41475318,0,0,11.67,22.38841297,0,0,0,1,546.4952967,538.1978097,4.16,109.2242857,1,1960.408089,Lower Middle Income,0,0,9,1
KEN,2019,88.67,2.38,Kenya,KE,1960.408089,51202827,22.90954625,0.468168547,31.75946184,0,0,11.67,22.38841297,0,0,0,1,543.8831872,538.1978097,14.27,109.2242857,1,1960.408089,Lower Middle Income,0,0,9,1
KEN,2020,93.58,4.91,Kenya,KE,1927.66459,52217334,21.12893872,-0.005368454,30.39913878,0,1,11.67,22.38841297,0,0,0,1,534.7539575,538.1978097,12.16,109.2242857,1,1960.408089,Lower Middle Income,0,0,9,1
KEN,2021,89.81,-3.77,Kenya,KE,2061.356221,53219166,22.73697041,0.382593997,35.00204778,0,1,11.67,22.38841297,0,0,0,1,539.7786432,538.1978097,17.44,109.2242857,1,1960.408089,Lower Middle Income,0,0,9,1
KEN,2022,87.81,-2,Kenya,KE,2109.562885,54252461,22.43762107,0.691645983,40.27532384,1,0,11.67,22.38841297,2109.562885,11.67,22.38841297,1,NA,538.1978097,19.75,109.2242857,1,1960.408089,Lower Middle Income,0,0,9,1
KEN,2023,89.76,1.95,Kenya,KE,1942.588028,55339003,22.37454568,0.472521238,41.11109042,1,0,11.67,22.38841297,1942.588028,11.67,22.38841297,1,NA,538.1978097,20.23,109.2242857,1,1960.408089,Lower Middle Income,0,0,9,1
KEN,2024,91.49,1.73,Kenya,KE,2132.434521,56432944,NA,0.385110027,40.186014,1,0,11.67,22.38841297,2132.434521,11.67,22.38841297,1,NA,538.1978097,21.35,109.2242857,1,1960.408089,Lower Middle Income,0,0,9,1
KGZ,2015,85.06,NA,Kyrgyz Republic,KG,1105.651938,6040036,64.68626075,17.13123076,110.9615707,0,0,11.01571429,47.76456477,0,0,0,1,659.1277037,624.038905,0,120.2114286,1,1421.999275,Lower Middle Income,0,0,NA,NA
KGZ,2016,86.54,1.48,Kyrgyz Republic,KG,1103.274894,6175338,52.82668219,9.088683859,105.823574,0,0,11.01571429,47.76456477,0,0,0,1,624.3534801,624.038905,0,120.2114286,1,1421.999275,Lower Middle Income,0,0,NA,NA
KGZ,2017,91.48,4.94,Kyrgyz Republic,KG,1221.390468,6306696,48.95522759,-1.391842888,100.6174458,0,0,11.01571429,47.76456477,0,0,0,1,609.7055985,624.038905,0,120.2114286,1,1421.999275,Lower Middle Income,0,0,NA,NA
KGZ,2018,91.83,0.35,Kyrgyz Republic,KG,1283.520304,6444079,48.16193237,1.743691786,98.8755599,0,0,11.01571429,47.76456477,0,0,0,1,707.0811911,624.038905,0,120.2114286,1,1421.999275,Lower Middle Income,0,0,NA,NA
KGZ,2019,91.58,-0.25,Kyrgyz Republic,KG,1421.999275,6590211,38.86247757,4.309606629,94.43028235,0,0,11.01571429,47.76456477,0,0,0,1,609.881987,624.038905,0,120.2114286,1,1421.999275,Lower Middle Income,0,0,NA,NA
KGZ,2020,90.78,-0.8,Kyrgyz Republic,KG,1229.517666,6726596,40.24514231,-4.854847031,78.99227843,0,1,11.01571429,47.76456477,0,0,0,1,562.2891527,624.038905,0,120.2114286,1,1421.999275,Lower Middle Income,0,0,NA,NA
KGZ,2021,85.6,-5.18,Kyrgyz Republic,KG,1349.997307,6851224,40.61423063,2.445692768,100.2613769,0,1,11.01571429,47.76456477,0,0,0,1,595.8332224,624.038905,0,120.2114286,1,1421.999275,Lower Middle Income,0,0,NA,NA
KGZ,2022,86.11,0.51,Kyrgyz Republic,KG,1739.720183,6975220,33.78156703,0.451992681,133.786718,1,0,11.01571429,47.76456477,1739.720183,11.01571429,47.76456477,1,NA,624.038905,0,120.2114286,1,1421.999275,Lower Middle Income,0,0,NA,NA
KGZ,2023,86.47,0.36,Kyrgyz Republic,KG,2138.222102,7099750,NA,1.047372709,132.3734039,1,0,11.01571429,47.76456477,2138.222102,11.01571429,47.76456477,1,NA,624.038905,0,120.2114286,1,1421.999275,Lower Middle Income,0,0,NA,NA
KGZ,2024,88.78,2.31,Kyrgyz Republic,KG,2420.185423,7221868,NA,4.035489481,127.6505778,1,0,11.01571429,47.76456477,2420.185423,11.01571429,47.76456477,1,NA,624.038905,0,120.2114286,1,1421.999275,Lower Middle Income,0,0,NA,NA
KHM,2015,49,NA,Cambodia,KH,1547.320104,15623251,NA,7.54029662,122.1095968,0,0,48.60142857,59.75905469,0,0,0,1,379.7547467,450.0224299,0,420.42,0,2225.877055,Lower Middle Income,0,0,-1,0
KHM,2016,47.63,-1.37,Cambodia,KH,1675.195557,15852803,NA,9.323185073,122.7045556,0,0,48.60142857,59.75905469,0,0,0,1,412.7612123,450.0224299,0,420.42,0,2225.877055,Lower Middle Income,0,0,-1,0
KHM,2017,41.77,-5.86,Cambodia,KH,1826.353917,16073372,NA,9.497602031,121.1554513,0,0,48.60142857,59.75905469,0,0,0,1,418.968476,450.0224299,0,420.42,0,2225.877055,Lower Middle Income,0,0,-1,0
KHM,2018,58.92,17.15,Cambodia,KH,2036.673776,16274522,NA,9.692403,118.4376554,0,0,48.60142857,59.75905469,0,0,0,1,440.5122792,450.0224299,0.24,420.42,0,2225.877055,Lower Middle Income,0,0,-1,0
KHM,2019,48.56,-10.36,Cambodia,KH,2225.877055,16481304,NA,9.985000442,115.7366791,0,0,48.60142857,59.75905469,0,0,0,1,487.9389207,450.0224299,1.04,420.42,0,2225.877055,Lower Middle Income,0,0,-1,0
KHM,2020,55.19,6.63,Cambodia,KH,2081.739142,16725474,60.5868014,10.41023981,122.1053963,0,1,48.60142857,59.75905469,0,0,0,1,513.1792463,450.0224299,3.86,420.42,0,2225.877055,Lower Middle Income,0,0,-1,0
KHM,2021,58.7,3.51,Cambodia,KH,2167.403242,16974305,58.93130799,9.468459111,146.1798465,0,1,48.60142857,59.75905469,0,0,0,1,497.0421283,450.0224299,6.28,420.42,0,2225.877055,Lower Middle Income,0,0,-1,0
KHM,2022,65.45,6.75,Cambodia,KH,2325.0305,17201724,NA,8.948301258,145.8736328,1,0,48.60142857,59.75905469,2325.0305,48.60142857,59.75905469,1,NA,450.0224299,6.93,420.42,0,2225.877055,Lower Middle Income,0,0,-1,0
KHM,2023,42.13,-23.32,Cambodia,KH,2429.748535,17423880,NA,9.35096702,134.2068424,1,0,48.60142857,59.75905469,2429.748535,48.60142857,59.75905469,1,NA,450.0224299,6.03,420.42,0,2225.877055,Lower Middle Income,0,0,-1,0
KHM,2024,35.66,-6.47,Cambodia,KH,2627.879698,17638801,NA,9.48089832,143.4470097,1,0,48.60142857,59.75905469,2627.879698,48.60142857,59.75905469,1,NA,450.0224299,6.91,420.42,0,2225.877055,Lower Middle Income,0,0,-1,0
KIR,2015,0,NA,Kiribati,KI,1639.852747,116815,NA,-0.427973964,109.8891125,0,0,89.28571429,NA,0,0,NA,NA,NA,NA,0,595.24,0,1750.997719,Lower Middle Income,1,0,NA,NA
KIR,2016,0,0,Kiribati,KI,1742.667993,118478,NA,0.875179449,111.2697977,0,0,89.28571429,NA,0,0,NA,NA,NA,NA,0,595.24,0,1750.997719,Lower Middle Income,1,0,NA,NA
KIR,2017,0,0,Kiribati,KI,1853.051227,120275,NA,0.352123236,100.561254,0,0,89.28571429,NA,0,0,NA,NA,NA,NA,0,595.24,0,1750.997719,Lower Middle Income,1,0,NA,NA
KIR,2018,0,0,Kiribati,KI,1912.738094,122084,NA,-0.490061067,83.36643112,0,0,89.28571429,NA,0,0,NA,NA,NA,NA,0,595.24,0,1750.997719,Lower Middle Income,1,0,NA,NA
KIR,2019,25,25,Kiribati,KI,1750.997719,123921,NA,-0.257289445,98.31404218,0,0,89.28571429,NA,0,0,NA,NA,NA,NA,25,595.24,0,1750.997719,Lower Middle Income,1,0,NA,NA
KIR,2020,25,0,Kiribati,KI,1751.782492,126099,NA,1.187920487,78.40521343,0,1,89.28571429,NA,0,0,NA,NA,NA,NA,25,595.24,0,1750.997719,Lower Middle Income,1,0,NA,NA
KIR,2021,25,0,Kiribati,KI,2222.048195,128377,NA,0.361556612,74.50054301,0,1,89.28571429,NA,0,0,NA,NA,NA,NA,25,595.24,0,1750.997719,Lower Middle Income,1,0,NA,NA
KIR,2022,25,0,Kiribati,KI,2069.767173,130469,NA,1.581306458,107.685878,1,0,89.28571429,NA,2069.767173,89.28571429,NA,NA,NA,NA,25,595.24,0,1750.997719,Lower Middle Income,1,1,NA,NA
KIR,2023,25,0,Kiribati,KI,2177.701258,132530,NA,1.770766591,107.6037785,1,0,89.28571429,NA,2177.701258,89.28571429,NA,NA,NA,NA,25,595.24,0,1750.997719,Lower Middle Income,1,1,NA,NA
KIR,2024,25,0,Kiribati,KI,2288.634714,134518,NA,2.622201692,NA,1,0,89.28571429,NA,2288.634714,89.28571429,NA,NA,NA,NA,25,595.24,0,1750.997719,Lower Middle Income,1,1,NA,NA
LAO,2015,86.01,NA,Lao PDR,LA,2121.013391,6801645,3.854158772,7.470757773,85.7983217,0,0,29.52857143,-21.9167349,0,0,0,0,602.3676415,754.3216617,0,287.8585714,0,2589.32081,Lower Middle Income,0,0,NA,NA
LAO,2016,68.77,-17.24,Lao PDR,LA,2303.22156,6908802,-10.49656639,5.877744362,75.09189092,0,0,29.52857143,-21.9167349,0,0,0,0,754.1579128,754.3216617,0,287.8585714,0,2589.32081,Lower Middle Income,0,0,NA,NA
LAO,2017,64.82,-3.95,Lao PDR,LA,2432.430595,7018147,-18.44408672,9.877991605,NA,0,0,29.52857143,-21.9167349,0,0,0,0,811.9399249,754.3216617,0.03,287.8585714,0,2589.32081,Lower Middle Income,0,0,NA,NA
LAO,2018,65.09,0.27,Lao PDR,LA,2545.107542,7128045,-21.79289412,7.485648622,NA,0,0,29.52857143,-21.9167349,0,0,0,0,820.7963818,754.3216617,0.06,287.8585714,0,2589.32081,Lower Middle Income,0,0,NA,NA
LAO,2019,63.48,-1.61,Lao PDR,LA,2589.32081,7237636,-20.58859492,4.031491392,NA,0,0,29.52857143,-21.9167349,0,0,0,0,809.2557432,754.3216617,0.13,287.8585714,0,2589.32081,Lower Middle Income,0,0,NA,NA
LAO,2020,71.6,8.12,Lao PDR,LA,2583.777307,7346533,-39.72553871,5.098071935,NA,0,1,29.52857143,-21.9167349,0,0,0,0,727.9036994,754.3216617,0.1,287.8585714,0,2589.32081,Lower Middle Income,0,0,NA,NA
LAO,2021,73.54,1.94,Lao PDR,LA,2526.05105,7453194,-46.22362219,5.69344696,NA,0,1,29.52857143,-21.9167349,0,0,0,0,753.8303283,754.3216617,0.16,287.8585714,0,2589.32081,Lower Middle Income,0,0,NA,NA
LAO,2022,76.14,2.6,Lao PDR,LA,2046.404403,7559007,-49.02135611,4.695092258,NA,1,0,29.52857143,-21.9167349,2046.404403,29.52857143,-21.9167349,0,NA,754.3216617,0.16,287.8585714,0,2589.32081,Lower Middle Income,0,0,NA,NA
LAO,2023,76.71,0.57,Lao PDR,LA,2066.949798,7664993,NA,11.2425631,NA,1,0,29.52857143,-21.9167349,2066.949798,29.52857143,-21.9167349,0,NA,754.3216617,0.15,287.8585714,0,2589.32081,Lower Middle Income,0,0,NA,NA
LAO,2024,76.72,0.01,Lao PDR,LA,2123.979094,7769819,NA,5.989588636,NA,1,0,29.52857143,-21.9167349,2123.979094,29.52857143,-21.9167349,0,NA,754.3216617,0.17,287.8585714,0,2589.32081,Lower Middle Income,0,0,NA,NA
LBN,2015,2.68,NA,Lebanon,LB,7714.11,6472469,NA,4.324691745,71.83904263,0,0,95.63142857,99.44480056,0,0,0,1,1284.150182,1325.230199,0.16,630.6257143,0,8905.880055,Upper Middle Income,1,0,6,1
LBN,2016,2.22,-0.46,Lebanon,LB,8089.012088,6323060,NA,5.021740406,67.72361779,0,0,95.63142857,99.44480056,0,0,0,1,1356.177023,1325.230199,0.26,630.6257143,0,8905.880055,Upper Middle Income,1,0,6,1
LBN,2017,2.26,0.04,Lebanon,LB,8608.21085,6160128,100.7900081,4.75677914,68.45542926,0,0,95.63142857,99.44480056,0,0,0,1,1475.80821,1325.230199,0.33,630.6257143,0,8905.880055,Upper Middle Income,1,0,6,1
LBN,2018,2.21,-0.05,Lebanon,LB,9174.536662,5984119,100.7334186,4.84140309,68.2573073,0,0,95.63142857,99.44480056,0,0,0,1,1431.825535,1325.230199,0.47,630.6257143,0,8905.880055,Upper Middle Income,1,0,6,1
LBN,2019,5.2,2.99,Lebanon,LB,8905.880055,5794594,100.2060278,3.69413245,62.98091601,0,0,95.63142857,99.44480056,0,0,0,1,1489.872173,1325.230199,0.61,630.6257143,0,8905.880055,Upper Middle Income,1,0,6,1
LBN,2020,6.73,1.53,Lebanon,LB,5561.19167,5702398,97.53279714,5.067129866,50.12980429,0,1,95.63142857,99.44480056,0,0,0,1,1251.181165,1325.230199,0.82,630.6257143,0,8905.880055,Upper Middle Income,1,0,6,1
LBN,2021,9.29,2.56,Lebanon,LB,4045.373911,5718122,97.96175117,2.592900684,78.8286204,0,1,95.63142857,99.44480056,0,0,0,1,987.5971038,1325.230199,3.1,630.6257143,0,8905.880055,Upper Middle Income,1,0,6,1
LBN,2022,45.54,36.25,Lebanon,LB,3654.358455,5744489,96.92346022,2.509661606,114.8882783,1,0,95.63142857,99.44480056,3654.358455,95.63142857,99.44480056,1,NA,1325.230199,29.06,630.6257143,0,8905.880055,Upper Middle Income,1,1,6,1
LBN,2023,34.08,-11.46,Lebanon,LB,3477.724898,5773493,NA,3.264354674,104.2064101,1,0,95.63142857,99.44480056,3477.724898,95.63142857,99.44480056,1,NA,1325.230199,22.45,630.6257143,0,8905.880055,Upper Middle Income,1,1,6,1
LBN,2024,43.82,9.74,Lebanon,LB,NA,5805962,NA,NA,NA,1,0,95.63142857,99.44480056,NA,95.63142857,99.44480056,1,NA,1325.230199,30.15,630.6257143,0,8905.880055,Upper Middle Income,1,1,6,1
LBR,2015,0,NA,Liberia,LR,692.5900824,4659431,NA,7.210237816,NA,0,0,82.03428571,NA,0,0,NA,NA,NA,NA,0,535.4414286,0,658.1641808,Low Income,1,0,6.25,1
LBR,2016,0,0,Liberia,LR,714.6130631,4755608,NA,9.171903326,NA,0,0,82.03428571,NA,0,0,NA,NA,NA,NA,0,535.4414286,0,658.1641808,Low Income,1,0,6.25,1
LBR,2017,0,0,Liberia,LR,699.2690957,4848925,NA,7.309485784,NA,0,0,82.03428571,NA,0,0,NA,NA,NA,NA,0,535.4414286,0,658.1641808,Low Income,1,0,6.25,1
LBR,2018,31.71,31.71,Liberia,LR,692.2031271,4944726,NA,3.772684939,NA,0,0,82.03428571,NA,0,0,NA,NA,NA,NA,0,535.4414286,0,658.1641808,Low Income,1,0,6.25,1
LBR,2019,30.95,-0.76,Liberia,LR,658.1641808,5043721,NA,2.611211949,NA,0,0,82.03428571,NA,0,0,NA,NA,NA,NA,0,535.4414286,0,658.1641808,Low Income,1,0,6.25,1
LBR,2020,28.89,-2.06,Liberia,LR,616.787867,5149463,NA,-2.96003538,NA,0,1,82.03428571,NA,0,0,NA,NA,NA,NA,0,535.4414286,0,658.1641808,Low Income,1,0,6.25,1
LBR,2021,34.21,5.32,Liberia,LR,667.9661051,5259323,NA,-1.118428503,NA,0,1,82.03428571,NA,0,0,NA,NA,NA,NA,0,535.4414286,0,658.1641808,Low Income,1,0,6.25,1
LBR,2022,33.33,-0.88,Liberia,LR,744.6171752,5373294,NA,3.093325162,NA,1,0,82.03428571,NA,744.6171752,82.03428571,NA,NA,NA,NA,0,535.4414286,0,658.1641808,Low Income,1,1,6.25,1
LBR,2023,57.38,24.05,Liberia,LR,799.1944702,5493031,NA,7.11347043,NA,1,0,82.03428571,NA,799.1944702,82.03428571,NA,NA,NA,NA,0,535.4414286,0,658.1641808,Low Income,1,1,6.25,1
LBR,2024,54.38,-3,Liberia,LR,851.4977239,5612817,NA,9.86626134,NA,1,0,82.03428571,NA,851.4977239,82.03428571,NA,NA,NA,NA,1.75,535.4414286,0,658.1641808,Low Income,1,1,6.25,1
LBY,2015,0.03,NA,Libya,LY,7458.489178,6531819,-78.20253534,NA,56.90490733,0,0,99.96857143,-182.2525437,0,0,0,0,2942.789507,2934.612362,0.03,812.6685714,0,9963.194891,Upper Middle Income,1,0,0,0
LBY,2016,0.03,0,Libya,LY,7525.802993,6632126,-75.23324881,NA,41.11017606,0,0,99.96857143,-182.2525437,0,0,0,0,3350.142606,2934.612362,0.03,812.6685714,0,9963.194891,Upper Middle Income,1,0,0,0
LBY,2017,0.03,0,Libya,LY,9965.832367,6738770,-172.4173169,NA,47.54896619,0,0,99.96857143,-182.2525437,0,0,0,0,3698.168835,2934.612362,0.03,812.6685714,0,9963.194891,Upper Middle Income,1,0,0,0
LBY,2018,0.03,0,Libya,LY,11196.58548,6849055,-249.9963479,NA,63.7811336,0,0,99.96857143,-182.2525437,0,0,0,0,3345.562829,2934.612362,0.03,812.6685714,0,9963.194891,Upper Middle Income,1,0,0,0
LBY,2019,0.03,0,Libya,LY,9963.194891,6951033,-228.6601586,NA,78.99396919,0,0,99.96857143,-182.2525437,0,0,0,0,3691.943521,2934.612362,0.03,812.6685714,0,9963.194891,Upper Middle Income,1,0,0,0
LBY,2020,0.03,0,Libya,LY,6650.338106,7045399,-143.1772651,NA,50.97579344,0,1,99.96857143,-182.2525437,0,0,0,0,1411.043339,2934.612362,0.03,812.6685714,0,9963.194891,Upper Middle Income,1,0,0,0
LBY,2021,0.03,0,Libya,LY,4935.827873,7135175,-328.0809334,1.71219284,164.28407,0,1,99.96857143,-182.2525437,0,0,0,0,2102.635895,2934.612362,0.03,812.6685714,0,9963.194891,Upper Middle Income,1,0,0,0
LBY,2022,0.03,0,Libya,LY,5986.636949,7223805,-249.7270079,1.623260334,156.3216847,1,0,99.96857143,-182.2525437,5986.636949,99.96857143,-182.2525437,0,NA,2934.612362,0.03,812.6685714,0,9963.194891,Upper Middle Income,1,1,0,0
LBY,2023,0.03,0,Libya,LY,6026.515187,7305659,NA,1.805001472,159.4338253,1,0,99.96857143,-182.2525437,6026.515187,99.96857143,-182.2525437,0,NA,2934.612362,0.03,812.6685714,0,9963.194891,Upper Middle Income,1,1,0,0
LBY,2024,0.03,0,Libya,LY,6569.164087,7381023,NA,NA,128.8161758,1,0,99.96857143,-182.2525437,6569.164087,99.96857143,-182.2525437,0,NA,2934.612362,0.03,812.6685714,0,9963.194891,Upper Middle Income,1,1,0,0
LCA,2015,0,NA,St. Lucia,LC,10334.98608,174905,NA,8.422037227,NA,0,0,98.57857143,NA,0,0,NA,NA,NA,NA,0,647.5942857,0,11794.05972,Upper Middle Income,1,0,NA,NA
LCA,2016,0,0,St. Lucia,LC,10638.12694,175646,NA,8.649142174,NA,0,0,98.57857143,NA,0,0,NA,NA,NA,NA,0,647.5942857,0,11794.05972,Upper Middle Income,1,0,NA,NA
LCA,2017,0,0,St. Lucia,LC,11333.11238,176342,NA,4.5004396,NA,0,0,98.57857143,NA,0,0,NA,NA,NA,NA,0,647.5942857,0,11794.05972,Upper Middle Income,1,0,NA,NA
LCA,2018,2.44,2.44,St. Lucia,LC,11642.69847,177017,NA,2.208791001,NA,0,0,98.57857143,NA,0,0,NA,NA,NA,NA,2.44,647.5942857,0,11794.05972,Upper Middle Income,1,0,NA,NA
LCA,2019,2.38,-0.06,St. Lucia,LC,11794.05972,177661,NA,3.603703342,NA,0,0,98.57857143,NA,0,0,NA,NA,NA,NA,2.38,647.5942857,0,11794.05972,Upper Middle Income,1,0,NA,NA
LCA,2020,2.63,0.25,St. Lucia,LC,8411.074749,178250,NA,6.612232315,NA,0,1,98.57857143,NA,0,0,NA,NA,NA,NA,2.63,647.5942857,0,11794.05972,Upper Middle Income,1,0,NA,NA
LCA,2021,2.5,-0.13,St. Lucia,LC,10459.13212,178522,NA,3.760967846,NA,0,1,98.57857143,NA,0,0,NA,NA,NA,NA,2.5,647.5942857,0,11794.05972,Upper Middle Income,1,0,NA,NA
LCA,2022,2.5,0,St. Lucia,LC,13103.82431,178781,NA,2.477614449,NA,1,0,98.57857143,NA,13103.82431,98.57857143,NA,NA,NA,NA,2.5,647.5942857,0,11794.05972,Upper Middle Income,1,1,NA,NA
LCA,2023,2.5,0,St. Lucia,LC,13554.76848,179285,NA,8.356450769,NA,1,0,98.57857143,NA,13554.76848,98.57857143,NA,NA,NA,NA,2.5,647.5942857,0,11794.05972,Upper Middle Income,1,1,NA,NA
LCA,2024,2.5,0,St. Lucia,LC,14181.63034,179744,NA,7.320736422,NA,1,0,98.57857143,NA,14181.63034,98.57857143,NA,NA,NA,NA,2.5,647.5942857,0,11794.05972,Upper Middle Income,1,1,NA,NA
LKA,2015,48.74,NA,Sri Lanka,LK,4057.715835,20970000,56.8569021,0.798746315,46.91797081,0,0,60.66142857,61.65339836,0,0,0,1,501.5182945,518.3727324,2.87,481.5514286,0,4081.947727,Lower Middle Income,0,0,6,1
LKA,2016,32.99,-15.75,Sri Lanka,LK,4149.191908,21209000,62.15249597,1.019371845,46.47153703,0,0,60.66142857,61.65339836,0,0,0,1,542.5773797,518.3727324,2.8,481.5514286,0,4081.947727,Lower Middle Income,0,0,6,1
LKA,2017,31.03,-1.96,Sri Lanka,LK,4398.888281,21453000,NA,1.454628053,47.1404098,0,0,60.66142857,61.65339836,0,0,0,1,514.2362286,518.3727324,3.49,481.5514286,0,4081.947727,Lower Middle Income,0,0,6,1
LKA,2018,43.87,12.84,Sri Lanka,LK,4358.560959,21670000,68.59571129,1.708886963,49.80939675,0,0,60.66142857,61.65339836,0,0,0,1,508.5433645,518.3727324,3.42,481.5514286,0,4081.947727,Lower Middle Income,0,0,6,1
LKA,2019,33.77,-10.1,Sri Lanka,LK,4081.947727,21803000,NA,0.835367459,49.42552389,0,0,60.66142857,61.65339836,0,0,0,1,523.4672124,518.3727324,4.14,481.5514286,0,4081.947727,Lower Middle Income,0,0,6,1
LKA,2020,35.58,1.81,Sri Lanka,LK,3847.601377,21919000,61.232431,0.514700553,37.08911886,0,1,60.66142857,61.65339836,0,0,0,1,511.1099508,518.3727324,4.79,481.5514286,0,4081.947727,Lower Middle Income,0,0,6,1
LKA,2021,49.4,13.82,Sri Lanka,LK,3996.9624,22156000,59.42945142,0.668825709,41.22884633,0,1,60.66142857,61.65339836,0,0,0,1,527.1566965,518.3727324,7.37,481.5514286,0,4081.947727,Lower Middle Income,0,0,6,1
LKA,2022,50.33,0.93,Sri Lanka,LK,3342.636503,22181000,60.03958029,1.192493222,46.68260802,1,0,60.66142857,61.65339836,3342.636503,60.66142857,61.65339836,1,NA,518.3727324,9.43,481.5514286,0,4081.947727,Lower Middle Income,0,0,6,1
LKA,2023,48.56,-1.77,Sri Lanka,LK,3798.890166,22037000,NA,0.851705947,43.5362303,1,0,60.66142857,61.65339836,3798.890166,60.66142857,61.65339836,1,NA,518.3727324,11.1,481.5514286,0,4081.947727,Lower Middle Income,0,0,6,1
LKA,2024,55.24,6.68,Sri Lanka,LK,4515.567873,21916000,NA,0.769118882,42.39750087,1,0,60.66142857,61.65339836,4515.567873,60.66142857,61.65339836,1,NA,518.3727324,12.77,481.5514286,0,4081.947727,Lower Middle Income,0,0,6,1
MAR,2015,16.08,NA,Morocco,MA,3146.247803,34607588,96.03665294,2.946111084,67.28867593,0,0,81.85857143,93.84166647,0,0,0,1,563.6031066,583.2398894,8.43,635.6928571,0,3508.097656,Lower Middle Income,1,0,-4,0
MAR,2016,16.49,0.41,Morocco,MA,3140.855469,35023457,94.92509663,1.930005403,71.12266038,0,0,81.85857143,93.84166647,0,0,0,1,558.0620239,583.2398894,11.08,635.6928571,0,3508.097656,Lower Middle Income,1,0,-4,0
MAR,2017,15.85,-0.64,Morocco,MA,3296.526611,35446392,95.12793232,2.260921961,74.17335788,0,0,81.85857143,93.84166647,0,0,0,1,577.5820989,583.2398894,10.8,635.6928571,0,3508.097656,Lower Middle Income,1,0,-4,0
MAR,2018,19.83,3.98,Morocco,MA,3501.697998,35839760,96.28682834,2.783379368,77.25488752,0,0,81.85857143,93.84166647,0,0,0,1,577.1785729,583.2398894,13.92,635.6928571,0,3508.097656,Lower Middle Income,1,0,-4,0
MAR,2019,19.79,-0.04,Morocco,MA,3508.097656,36210898,92.42728368,1.334797896,75.99811588,0,0,81.85857143,93.84166647,0,0,0,1,614.5027336,583.2398894,15.6,635.6928571,0,3508.097656,Lower Middle Income,1,0,-4,0
MAR,2020,19.17,-0.62,Morocco,MA,3268.030273,36584208,90.73217034,1.169073346,68.84380339,0,1,81.85857143,93.84166647,0,0,0,1,575.6992968,583.2398894,15.75,635.6928571,0,3508.097656,Lower Middle Income,1,0,-4,0
MAR,2021,19.81,0.64,Morocco,MA,3785.936279,36954442,91.35570104,1.594223214,75.52341718,0,1,81.85857143,93.84166647,0,0,0,1,616.0513933,583.2398894,16.78,635.6928571,0,3508.097656,Lower Middle Income,1,0,-4,0
MAR,2022,18.18,-1.63,Morocco,MA,3463.137695,37329064,94.00201185,1.748143237,100.9063102,1,0,81.85857143,93.84166647,3463.137695,81.85857143,93.84166647,1,NA,583.2398894,16.44,635.6928571,0,3508.097656,Lower Middle Income,1,1,-4,0
MAR,2023,21.71,3.53,Morocco,MA,3813.726074,37712505,93.64488051,0.725864123,93.11788442,1,0,81.85857143,93.84166647,3813.726074,81.85857143,93.84166647,1,NA,583.2398894,20.4,635.6928571,0,3508.097656,Lower Middle Income,1,1,-4,0
MAR,2024,24.4,2.69,Morocco,MA,4153.194336,38081173,NA,1.020477899,92.18724461,1,0,81.85857143,93.84166647,4153.194336,81.85857143,93.84166647,1,NA,583.2398894,22.4,635.6928571,0,3508.097656,Lower Middle Income,1,1,-4,0
MDA,2015,4.47,NA,Moldova,MD,2749.551371,2835978,82.57386982,2.896635549,88.96641546,0,0,94.32857143,82.76378916,0,0,0,1,1307.99462,1447.217342,0,674.1442857,0,4405.334182,Lower Middle Income,1,0,9,1
MDA,2016,4.1,-0.37,Moldova,MD,2847.087948,2803186,81.90813032,1.095613439,89.00468372,0,0,94.32857143,82.76378916,0,0,0,1,1356.312693,1447.217342,0,674.1442857,0,4405.334182,Lower Middle Income,1,0,9,1
MDA,2017,6.25,2.15,Moldova,MD,3453.267277,2755189,80.88314653,1.571511991,88.62339028,0,0,94.32857143,82.76378916,0,0,0,1,1397.599098,1447.217342,0.2,674.1442857,0,4405.334182,Lower Middle Income,1,0,9,1
MDA,2018,5.95,-0.3,Moldova,MD,4156.44982,2707203,81.97751245,2.751779903,87.44678743,0,0,94.32857143,82.76378916,0,0,0,1,1495.573144,1447.217342,0.37,674.1442857,0,4405.334182,Lower Middle Income,1,0,9,1
MDA,2019,6.5,0.55,Moldova,MD,4405.334182,2664224,84.15758742,4.44218297,87.63223711,0,0,94.32857143,82.76378916,0,0,0,1,1500.039485,1447.217342,0.7,674.1442857,0,4405.334182,Lower Middle Income,1,0,9,1
MDA,2020,5.83,-0.67,Moldova,MD,4375.778893,2635130,84.09585651,1.350476342,79.26572212,0,1,94.32857143,82.76378916,0,0,0,1,1461.474433,1447.217342,0.81,674.1442857,0,4405.334182,Lower Middle Income,1,0,9,1
MDA,2021,6.6,0.77,Moldova,MD,5274.605822,2595809,83.75042108,2.820067827,88.47088654,0,1,94.32857143,82.76378916,0,0,0,1,1611.527923,1447.217342,1.35,674.1442857,0,4405.334182,Lower Middle Income,1,0,9,1
MDA,2022,9.57,2.97,Moldova,MD,5744.296184,2528654,86.56366606,4.034467351,112.1176716,1,0,94.32857143,82.76378916,5744.296184,94.32857143,82.76378916,1,NA,1447.217342,3.57,674.1442857,0,4405.334182,Lower Middle Income,1,1,9,1
MDA,2023,9.61,0.04,Moldova,MD,6799.585946,2457783,81.16588232,2.159510899,93.99462115,1,0,94.32857143,82.76378916,6799.585946,94.32857143,82.76378916,1,NA,1447.217342,4.41,674.1442857,0,4405.334182,Lower Middle Income,1,1,9,1
MDA,2024,10.71,1.1,Moldova,MD,7576.195894,2402306,NA,2.518446268,88.66611543,1,0,94.32857143,82.76378916,7576.195894,94.32857143,82.76378916,1,NA,1447.217342,5.11,674.1442857,0,4405.334182,Lower Middle Income,1,1,9,1
MDG,2015,54.2,NA,Madagascar,MG,445.3200695,25426702,NA,2.897277275,61.22037884,0,0,57.11285714,13.70064908,0,0,0,1,275.4335866,297.2988781,1.12,409.6585714,0,499.8188376,Low Income,0,0,6,1
MDG,2016,48.42,-5.78,Madagascar,MG,453.9707145,26099952,NA,4.564608032,60.83469848,0,0,57.11285714,13.70064908,0,0,0,1,293.3289238,297.2988781,1.05,409.6585714,0,499.8188376,Low Income,0,0,6,1
MDG,2017,41.92,-6.5,Madagascar,MG,491.8668487,26788375,13.70064908,3.52797151,65.34340151,0,0,57.11285714,13.70064908,0,0,0,1,299.4635178,297.2988781,1.01,409.6585714,0,499.8188376,Low Income,0,0,6,1
MDG,2018,43.28,1.36,Madagascar,MG,500.4571855,27494926,NA,4.447927987,67.84150467,0,0,57.11285714,13.70064908,0,0,0,1,292.8313301,297.2988781,1.68,409.6585714,0,499.8188376,Low Income,0,0,6,1
MDG,2019,38.46,-4.82,Madagascar,MG,499.8188376,28219554,NA,3.36279831,62.60132305,0,0,57.11285714,13.70064908,0,0,0,1,313.7733094,297.2988781,1.62,409.6585714,0,499.8188376,Low Income,0,0,6,1
MDG,2020,40.74,2.28,Madagascar,MG,450.7716152,28953556,NA,2.746571324,49.01070737,0,1,57.11285714,13.70064908,0,0,0,1,300.285223,297.2988781,1.85,409.6585714,0,499.8188376,Low Income,0,0,6,1
MDG,2021,33.2,-7.54,Madagascar,MG,483.4694634,29691083,NA,2.490723381,55.21585859,0,1,57.11285714,13.70064908,0,0,0,1,305.9762559,297.2988781,1.58,409.6585714,0,499.8188376,Low Income,0,0,6,1
MDG,2022,35.23,2.03,Madagascar,MG,503.5145335,30437261,NA,3.052725925,70.54713441,1,0,57.11285714,13.70064908,503.5145335,57.11285714,13.70064908,1,NA,297.2988781,3.03,409.6585714,0,499.8188376,Low Income,0,0,6,1
MDG,2023,43.96,8.73,Madagascar,MG,508.7184277,31195932,NA,3.273579189,61.13304169,1,0,57.11285714,13.70064908,508.7184277,57.11285714,13.70064908,1,NA,297.2988781,3.23,409.6585714,0,499.8188376,Low Income,0,0,6,1
MDG,2024,42.39,-1.57,Madagascar,MG,544.987501,31964956,NA,3.479858199,54.97958814,1,0,57.11285714,13.70064908,544.987501,57.11285714,13.70064908,1,NA,297.2988781,4.12,409.6585714,0,499.8188376,Low Income,0,0,6,1
MDV,2015,1.61,NA,Maldives,MV,9644.90655,428154,NA,7.215779382,143.7205067,0,0,96.54714286,NA,0,0,NA,NA,NA,NA,1.61,633.4757143,0,11740.2724,Upper Middle Income,1,0,NA,NA
MDV,2016,1.49,-0.12,Maldives,MV,9947.807447,443308,NA,10.35476187,144.3802123,0,0,96.54714286,NA,0,0,NA,NA,NA,NA,1.49,633.4757143,0,11740.2724,Upper Middle Income,1,0,NA,NA
MDV,2017,2.74,1.25,Maldives,MV,10509.62881,458287,NA,9.505145292,141.9121106,0,0,96.54714286,NA,0,0,NA,NA,NA,NA,2.74,633.4757143,0,11740.2724,Upper Middle Income,1,0,NA,NA
MDV,2018,3.8,1.06,Maldives,MV,11423.28384,473099,NA,10.65176478,142.4911285,0,0,96.54714286,NA,0,0,NA,NA,NA,NA,3.8,633.4757143,0,11740.2724,Upper Middle Income,1,0,NA,NA
MDV,2019,3.7,-0.1,Maldives,MV,11740.2724,487731,NA,16.78347284,137.1252309,0,0,96.54714286,NA,0,0,NA,NA,NA,NA,3.7,633.4757143,0,11740.2724,Upper Middle Income,1,0,NA,NA
MDV,2020,4.88,1.18,Maldives,MV,7393.888654,502118,NA,11.87068807,114.3619029,0,1,96.54714286,NA,0,0,NA,NA,NA,NA,4.88,633.4757143,0,11740.2724,Upper Middle Income,1,0,NA,NA
MDV,2021,5.95,1.07,Maldives,MV,10176.14388,516154,NA,12.23866599,142.6072967,0,1,96.54714286,NA,0,0,NA,NA,NA,NA,5.95,633.4757143,0,11740.2724,Upper Middle Income,1,0,NA,NA
MDV,2022,7.06,1.11,Maldives,MV,11786.01915,524106,NA,11.84546628,162.2434329,1,0,96.54714286,NA,11786.01915,96.54714286,NA,NA,NA,NA,7.06,633.4757143,0,11740.2724,Upper Middle Income,1,1,NA,NA
MDV,2023,7.06,0,Maldives,MV,12587.6126,525994,NA,11.58184588,149.3499762,1,0,96.54714286,NA,12587.6126,96.54714286,NA,NA,NA,NA,7.06,633.4757143,0,11740.2724,Upper Middle Income,1,1,NA,NA
MDV,2024,7.06,0,Maldives,MV,13379.35136,527799,NA,11.41672,156.4739557,1,0,96.54714286,NA,13379.35136,96.54714286,NA,NA,NA,NA,7.06,633.4757143,0,11740.2724,Upper Middle Income,1,1,NA,NA
MEX,2015,15.54,NA,Mexico,MX,10021.23861,121072306,-0.83822344,2.987837866,70.41297468,0,0,78.63142857,10.97453125,0,0,0,1,1539.138267,1470.032302,2.88,513.59,0,10369.55536,Upper Middle Income,0,0,8,1
MEX,2016,15.29,-0.25,Mexico,MX,9097.923977,122251351,4.933837153,3.49768027,75.69030341,0,0,78.63142857,10.97453125,0,0,0,1,1525.383745,1470.032302,3.32,513.59,0,10369.55536,Upper Middle Income,0,0,8,1
MEX,2017,15.43,0.14,Mexico,MX,9649.278168,123400057,11.43404193,2.783074934,76.95212604,0,0,78.63142857,10.97453125,0,0,0,1,1478.438965,1470.032302,3.59,513.59,0,10369.55536,Upper Middle Income,0,0,8,1
MEX,2018,15.82,0.39,Mexico,MX,10084.79376,124573711,16.79131792,3.014178505,80.21266166,0,0,78.63142857,10.97453125,0,0,0,1,1493.478822,1470.032302,4.48,513.59,0,10369.55536,Upper Middle Income,0,0,8,1
MEX,2019,16.69,0.87,Mexico,MX,10369.55536,125762982,18.29943971,2.296514496,77.46197226,0,0,78.63142857,10.97453125,0,0,0,1,1469.653503,1470.032302,7.75,513.59,0,10369.55536,Upper Middle Income,0,0,8,1
MEX,2020,21.29,4.6,Mexico,MX,8841.27075,126799054,10.88954966,2.814008752,76.85455571,0,1,78.63142857,10.97453125,0,0,0,1,1366.427226,1470.032302,10.91,513.59,0,10369.55536,Upper Middle Income,0,0,8,1
MEX,2021,24.98,3.69,Mexico,MX,10314.05067,127648148,15.31175582,2.705303135,83.06929764,0,1,78.63142857,10.97453125,0,0,0,1,1417.705591,1470.032302,12.55,513.59,0,10369.55536,Upper Middle Income,0,0,8,1
MEX,2022,24.44,-0.54,Mexico,MX,11405.79405,128613117,21.10507649,2.672672863,88.79848559,1,0,78.63142857,10.97453125,11405.79405,78.63142857,10.97453125,1,NA,1470.032302,12.02,513.59,0,10369.55536,Upper Middle Income,0,0,8,1
MEX,2023,20.28,-4.16,Mexico,MX,13860.95978,129739759,21.58435595,1.706188682,73.57886164,1,0,78.63142857,10.97453125,13860.95978,78.63142857,10.97453125,1,NA,1470.032302,12.53,513.59,0,10369.55536,Upper Middle Income,0,0,8,1
MEX,2024,21.12,0.84,Mexico,MX,14185.78122,130861007,NA,2.449664741,74.58890798,1,0,78.63142857,10.97453125,14185.78122,78.63142857,10.97453125,1,NA,1470.032302,12.8,513.59,0,10369.55536,Upper Middle Income,0,0,8,1
MKD,2015,35.92,NA,North Macedonia,MK,5262.686719,1912430,52.52440725,2.947027792,113.6984439,0,0,69.85142857,59.70906876,0,0,0,1,1387.979624,1421.708808,2.47,630.2857143,0,6718.858266,Upper Middle Income,1,0,NA,NA
MKD,2016,36.77,0.85,North Macedonia,MK,5598.486226,1906313,59.17878909,5.147554898,116.1854084,0,0,69.85142857,59.70906876,0,0,0,1,1408.22019,1421.708808,2.31,630.2857143,0,6718.858266,Upper Middle Income,1,0,NA,NA
MKD,2017,23.03,-13.74,North Macedonia,MK,5955.297386,1898657,56.80979449,3.36726558,124.1372839,0,0,69.85142857,59.70906876,0,0,0,1,1438.491959,1421.708808,2.32,630.2857143,0,6718.858266,Upper Middle Income,1,0,NA,NA
MKD,2018,34.94,11.91,North Macedonia,MK,6713.989254,1889051,58.43914953,5.114948679,133.2152076,0,0,69.85142857,59.70906876,0,0,0,1,1370.121651,1421.708808,2.14,630.2857143,0,6718.858266,Upper Middle Income,1,0,NA,NA
MKD,2019,22.82,-12.12,North Macedonia,MK,6718.858266,1876262,58.9557104,4.358924934,138.5762318,0,0,69.85142857,59.70906876,0,0,0,1,1503.513369,1421.708808,2.04,630.2857143,0,6718.858266,Upper Middle Income,1,0,NA,NA
MKD,2020,27.71,4.89,North Macedonia,MK,6659.596511,1856124,63.93375777,0.062242187,128.2412443,0,1,69.85142857,59.70906876,0,0,0,1,1388.546464,1421.708808,2.62,630.2857143,0,6718.858266,Upper Middle Income,1,0,NA,NA
MKD,2021,29.83,2.12,North Macedonia,MK,7620.80297,1837114,68.12187277,4.97315295,146.7214115,0,1,69.85142857,59.70906876,0,0,0,1,1455.088402,1421.708808,2.71,630.2857143,0,6718.858266,Upper Middle Income,1,0,NA,NA
MKD,2022,27.1,-2.73,North Macedonia,MK,7606.237525,1831712,63.87968729,6.13067579,166.1473574,1,0,69.85142857,59.70906876,7606.237525,69.85142857,59.70906876,1,NA,1421.708808,3.53,630.2857143,0,6718.858266,Upper Middle Income,1,1,NA,NA
MKD,2023,32.17,5.07,North Macedonia,MK,8674.358463,1827816,63.80986709,4.046010944,147.7942535,1,0,69.85142857,59.70906876,8674.358463,69.85142857,59.70906876,1,NA,1421.708808,7.68,630.2857143,0,6718.858266,Upper Middle Income,1,1,NA,NA
MKD,2024,39.45,7.28,North Macedonia,MK,9291.856617,1824359,NA,6.234450707,136.3248762,1,0,69.85142857,59.70906876,9291.856617,69.85142857,59.70906876,1,NA,1421.708808,16.79,630.2857143,0,6718.858266,Upper Middle Income,1,1,NA,NA
MLI,2015,48.21,NA,Mali,ML,838.1198694,18593022,NA,1.768095571,53.57517601,0,0,56.53142857,NA,0,0,NA,NA,NA,NA,1.2,385.8285714,0,971.9493186,Low Income,0,0,5,1
MLI,2016,51.99,3.78,Mali,ML,872.4685872,19191289,NA,2.129006916,53.61261936,0,0,56.53142857,NA,0,0,NA,NA,NA,NA,0.99,385.8285714,0,971.9493186,Low Income,0,0,5,1
MLI,2017,45.63,-6.36,Mali,ML,924.0575317,19813011,NA,3.062794275,49.49199849,0,0,56.53142857,NA,0,0,NA,NA,NA,NA,0.87,385.8285714,0,971.9493186,Low Income,0,0,5,1
MLI,2018,40.16,-5.47,Mali,ML,996.3792921,20442030,NA,2.294260792,50.69984625,0,0,56.53142857,NA,0,0,NA,NA,NA,NA,0.83,385.8285714,0,971.9493186,Low Income,0,0,5,1
MLI,2019,38.32,-1.84,Mali,ML,971.9493186,21068405,NA,4.19531108,53.99871328,0,0,56.53142857,NA,0,0,NA,NA,NA,NA,0.79,385.8285714,0,971.9493186,Low Income,0,0,5,1
MLI,2020,40.87,2.55,Mali,ML,953.2429433,21713836,NA,2.59366733,56.04154744,0,1,56.53142857,NA,0,0,NA,NA,NA,NA,2.54,385.8285714,0,971.9493186,Low Income,0,0,5,1
MLI,2021,39.09,-1.78,Mali,ML,1027.273454,22388630,NA,2.782457242,56.71505256,0,1,56.53142857,NA,0,0,NA,NA,NA,NA,3.55,385.8285714,0,971.9493186,Low Income,0,0,5,1
MLI,2022,42.86,3.77,Mali,ML,976.9141164,23072640,NA,3.174225309,61.56132749,1,0,56.53142857,NA,976.9141164,56.53142857,NA,NA,NA,NA,3.46,385.8285714,0,971.9493186,Low Income,0,0,5,1
MLI,2023,19.8,-23.06,Mali,ML,1043.953385,23769127,NA,2.831319727,57.53326218,1,0,56.53142857,NA,1043.953385,56.53142857,NA,NA,NA,NA,2.5,385.8285714,0,971.9493186,Low Income,0,0,5,1
MLI,2024,19.46,-0.34,Mali,ML,1094.619493,24478595,NA,3.437406927,49.89604143,1,0,56.53142857,NA,1094.619493,56.53142857,NA,NA,NA,NA,2.85,385.8285714,0,971.9493186,Low Income,0,0,5,1
MMR,2015,59.51,NA,Myanmar,MM,1166.733055,51089056,-49.93888372,6.851240987,NA,0,0,45.64714286,-30.93495399,0,0,0,0,369.6625798,412.1023172,0.19,440.7542857,0,1425.989542,Lower Middle Income,0,0,NA,NA
MMR,2016,55.19,-4.32,Myanmar,MM,1229.197135,51495696,-45.85343297,5.178801326,NA,0,0,45.64714286,-30.93495399,0,0,0,0,396.4658428,412.1023172,0.28,440.7542857,0,1425.989542,Lower Middle Income,0,0,NA,NA
MMR,2017,53.33,-1.86,Myanmar,MM,1272.822418,51894938,-26.8257192,7.273355553,NA,0,0,45.64714286,-30.93495399,0,0,0,0,445.1265305,412.1023172,0.29,440.7542857,0,1425.989542,Lower Middle Income,0,0,NA,NA
MMR,2018,58.18,4.85,Myanmar,MM,1298.213103,52272247,-21.45296032,2.605632298,NA,0,0,45.64714286,-30.93495399,0,0,0,0,439.2935215,412.1023172,0.32,440.7542857,0,1425.989542,Lower Middle Income,0,0,NA,NA
MMR,2019,56.27,-1.91,Myanmar,MM,1425.989542,52640713,-23.66323274,2.312112111,NA,0,0,45.64714286,-30.93495399,0,0,0,0,417.7727485,412.1023172,0.47,440.7542857,0,1425.989542,Lower Middle Income,0,0,NA,NA
MMR,2020,48.67,-7.6,Myanmar,MM,1490.216836,53016522,-21.88531223,2.413932228,NA,0,1,45.64714286,-30.93495399,0,0,0,0,424.4306919,412.1023172,0.43,440.7542857,0,1425.989542,Lower Middle Income,0,0,NA,NA
MMR,2021,49.35,0.68,Myanmar,MM,1242.721344,53387102,-26.92513677,3.114925617,NA,0,1,45.64714286,-30.93495399,0,0,0,0,391.9643053,412.1023172,0.45,440.7542857,0,1425.989542,Lower Middle Income,0,0,NA,NA
MMR,2022,40.86,-8.49,Myanmar,MM,1158.050051,53756787,-19.02595424,1.98946076,NA,1,0,45.64714286,-30.93495399,1158.050051,45.64714286,-30.93495399,0,NA,412.1023172,0.69,440.7542857,0,1425.989542,Lower Middle Income,0,0,NA,NA
MMR,2023,46.49,5.63,Myanmar,MM,1233.196662,54133798,NA,2.277151317,NA,1,0,45.64714286,-30.93495399,1233.196662,45.64714286,-30.93495399,0,NA,412.1023172,0.52,440.7542857,0,1425.989542,Lower Middle Income,0,0,NA,NA
MMR,2024,47.85,1.36,Myanmar,MM,1359.050016,54500091,NA,1.478792233,NA,1,0,45.64714286,-30.93495399,1359.050016,45.64714286,-30.93495399,0,NA,412.1023172,0.55,440.7542857,0,1425.989542,Lower Middle Income,0,0,NA,NA
MNE,2015,49.67,NA,Montenegro,ME,6421.003073,624651,30.54214275,17.44890523,104.1251089,0,0,45.29714286,33.13204901,0,0,0,1,1599.593892,1650.121482,0,471.1728571,0,8749.023752,Upper Middle Income,0,0,9,1
MNE,2016,58.6,8.93,Montenegro,ME,6968.015394,625353,35.35100022,5.202616214,104.1359546,0,0,45.29714286,33.13204901,0,0,0,1,1552.233072,1650.121482,0,471.1728571,0,8749.023752,Upper Middle Income,0,0,9,1
MNE,2017,45.16,-13.44,Montenegro,ME,7674.281394,625982,41.33843482,11.67089617,106.7113667,0,0,45.29714286,33.13204901,0,0,0,1,1625.496083,1650.121482,4.03,471.1728571,0,8749.023752,Upper Middle Income,0,0,9,1
MNE,2018,59.21,14.05,Montenegro,ME,8673.591281,626438,31.82220608,8.938180948,111.0989355,0,0,45.29714286,33.13204901,0,0,0,1,1679.559764,1650.121482,3.68,471.1728571,0,8749.023752,Upper Middle Income,0,0,9,1
MNE,2019,56.27,-2.94,Montenegro,ME,8749.023752,626753,33.68935872,7.615421182,110.0161239,0,0,45.29714286,33.13204901,0,0,0,1,1737.593199,1650.121482,8.75,471.1728571,0,8749.023752,Upper Middle Income,0,0,9,1
MNE,2020,52.21,-4.06,Montenegro,ME,7538.53636,626590,27.65338898,11.23944057,87.86120271,0,1,45.29714286,33.13204901,0,0,0,1,1625.86285,1650.121482,9.44,471.1728571,0,8749.023752,Upper Middle Income,0,0,9,1
MNE,2021,61.81,9.6,Montenegro,ME,9317.155201,625053,31.52781151,11.91233945,105.7192492,0,1,45.29714286,33.13204901,0,0,0,1,1730.511512,1650.121482,8.49,471.1728571,0,8749.023752,Upper Middle Income,0,0,9,1
MNE,2022,53.17,-8.64,Montenegro,ME,10024.54356,623591,29.62318973,13.958223,125.4559378,1,0,45.29714286,33.13204901,10024.54356,45.29714286,33.13204901,1,NA,1650.121482,9.67,471.1728571,0,8749.023752,Upper Middle Income,0,0,9,1
MNE,2023,60.86,7.69,Montenegro,ME,12259.8775,623529,24.35275801,6.879149477,116.8066695,1,0,45.29714286,33.13204901,12259.8775,45.29714286,33.13204901,1,NA,1650.121482,7.88,471.1728571,0,8749.023752,Upper Middle Income,0,0,9,1
MNE,2024,59.49,-1.37,Montenegro,ME,13263.32813,623525,NA,7.248249657,109.9441045,1,0,45.29714286,33.13204901,13263.32813,45.29714286,33.13204901,1,NA,1650.121482,9.35,471.1728571,0,8749.023752,Upper Middle Income,0,0,9,1
MNG,2015,3.99,NA,Mongolia,MN,3838.92127,3026864,-210.6497575,0.811709461,89.65366348,0,0,92.77285714,-269.3720979,0,0,0,0,1535.523805,1760.373447,2.9,838.4971429,0,4347.546103,Lower Middle Income,1,0,10,1
MNG,2016,4.42,0.43,Mongolia,MN,3619.900264,3088856,-327.3247294,-37.17265323,101.0552372,0,0,92.77285714,-269.3720979,0,0,0,0,1606.450788,1760.373447,2.83,838.4971429,0,4347.546103,Lower Middle Income,1,0,10,1
MNG,2017,4.15,-0.27,Mongolia,MN,3645.967087,3148917,-374.4913595,13.01602806,115.9329019,0,0,92.77285714,-269.3720979,0,0,0,0,1622.101442,1760.373447,2.82,838.4971429,0,4347.546103,Lower Middle Income,1,0,10,1
MNG,2018,6.7,2.55,Mongolia,MN,4107.642885,3208189,-364.047228,14.80887971,126.3558732,0,0,92.77285714,-269.3720979,0,0,0,0,1785.111555,1760.373447,5.48,838.4971429,0,4347.546103,Lower Middle Income,1,0,10,1
MNG,2019,9.95,3.25,Mongolia,MN,4347.546103,3267673,-269.0859641,17.19893952,124.3965146,0,0,92.77285714,-269.3720979,0,0,0,0,2035.626785,1760.373447,8.65,838.4971429,0,4347.546103,Lower Middle Income,1,0,10,1
MNG,2020,10.24,0.29,Mongolia,MN,4001.251931,3327204,-224.9655586,12.91307999,112.8386476,0,1,92.77285714,-269.3720979,0,0,0,0,1793.273108,1760.373447,9.04,838.4971429,0,4347.546103,Lower Middle Income,1,0,10,1
MNG,2021,11.16,0.92,Mongolia,MN,4517.61578,3383741,-115.0400881,14.21773194,119.0980784,0,1,92.77285714,-269.3720979,0,0,0,0,1944.526644,1760.373447,10.08,838.4971429,0,4347.546103,Lower Middle Income,1,0,10,1
MNG,2022,9.8,-1.36,Mongolia,MN,4993.514875,3433748,-226.4270341,14.60530651,136.3279299,1,0,92.77285714,-269.3720979,4993.514875,92.77285714,-269.3720979,0,NA,1760.373447,9.03,838.4971429,0,4347.546103,Lower Middle Income,1,1,10,1
MNG,2023,9.16,-0.64,Mongolia,MN,5838.631081,3481145,NA,11.05810699,142.8642466,1,0,92.77285714,-269.3720979,5838.631081,92.77285714,-269.3720979,0,NA,1760.373447,8.44,838.4971429,0,4347.546103,Lower Middle Income,1,1,10,1
MNG,2024,8.84,-0.32,Mongolia,MN,6750.630116,3524788,NA,11.69249844,138.4483791,1,0,92.77285714,-269.3720979,6750.630116,92.77285714,-269.3720979,0,NA,1760.373447,8.16,838.4971429,0,4347.546103,Lower Middle Income,1,1,10,1
MOZ,2015,92.98,NA,Mozambique,MZ,610.5637747,26547572,-44.35536619,23.86549004,98.76120365,0,0,16.59857143,-81.75488069,0,0,0,0,385.1528649,365.6832401,0,128.8642857,1,519.0925509,Low Income,0,0,5,1
MOZ,2016,82.71,-10.27,Mozambique,MZ,441.4897348,27337105,-73.74722095,25.91877246,110.3943582,0,0,16.59857143,-81.75488069,0,0,0,0,380.8117019,365.6832401,0,128.8642857,1,519.0925509,Low Income,0,0,5,1
MOZ,2017,80.5,-2.21,Mozambique,MZ,470.9385631,28166393,-123.0593935,17.48311193,105.7456407,0,0,16.59857143,-81.75488069,0,0,0,0,371.7459093,365.6832401,0,128.8642857,1,519.0925509,Low Income,0,0,5,1
MOZ,2018,81.8,1.3,Mozambique,MZ,517.5072603,29018644,-110.812961,11.17414318,124.6074575,0,0,16.59857143,-81.75488069,0,0,0,0,366.248037,365.6832401,0,128.8642857,1,519.0925509,Low Income,0,0,5,1
MOZ,2019,79.36,-2.44,Mozambique,MZ,519.0925509,29884380,-82.45679514,21.78419149,105.5911714,0,0,16.59857143,-81.75488069,0,0,0,0,359.7588555,365.6832401,0.16,128.8642857,1,519.0925509,Low Income,0,0,5,1
MOZ,2020,83.49,4.13,Mozambique,MZ,462.4338765,30783688,-63.54099266,22.39443703,99.90614605,0,1,16.59857143,-81.75488069,0,0,0,0,342.9518586,365.6832401,0.37,128.8642857,1,519.0925509,Low Income,0,0,5,1
MOZ,2021,82.98,-0.51,Mozambique,MZ,509.9078295,31707800,-74.31143537,32.75221385,112.0789645,0,1,16.59857143,-81.75488069,0,0,0,0,353.1134532,365.6832401,0.37,128.8642857,1,519.0925509,Low Income,0,0,5,1
MOZ,2022,83.69,0.71,Mozambique,MZ,578.2516638,32656246,-106.3524273,16.00429471,135.2795784,1,0,16.59857143,-81.75488069,578.2516638,16.59857143,-81.75488069,0,NA,365.6832401,0.36,128.8642857,1,519.0925509,Low Income,0,0,5,1
MOZ,2023,83.57,-0.12,Mozambique,MZ,622.0002977,33635160,NA,12.82680593,106.0586134,1,0,16.59857143,-81.75488069,622.0002977,16.59857143,-81.75488069,0,NA,365.6832401,0.35,128.8642857,1,519.0925509,Low Income,0,0,5,1
MOZ,2024,83.42,-0.15,Mozambique,MZ,656.7768246,34631766,NA,15.42569164,95.65942035,1,0,16.59857143,-81.75488069,656.7768246,16.59857143,-81.75488069,0,NA,365.6832401,0.4,128.8642857,1,519.0925509,Low Income,0,0,5,1
MRT,2015,27.59,NA,Mauritania,MR,1554.948979,3965959,NA,8.135849504,77.34678649,0,0,72.22571429,NA,0,0,NA,NA,NA,NA,11.21,477.0871429,0,1767.072711,Lower Middle Income,0,0,-2,0
MRT,2016,25,-2.59,Mauritania,MR,1565.765757,4086657,NA,4.237311147,73.15326167,0,0,72.22571429,NA,0,0,NA,NA,NA,NA,13.79,477.0871429,0,1767.072711,Lower Middle Income,0,0,-2,0
MRT,2017,24.44,-0.56,Mauritania,MR,1615.004013,4210600,NA,8.650079992,78.81498018,0,0,72.22571429,NA,0,0,NA,NA,NA,NA,11.85,477.0871429,0,1767.072711,Lower Middle Income,0,0,-2,0
MRT,2018,30.13,5.69,Mauritania,MR,1722.935289,4337685,NA,10.34167728,89.14672949,0,0,72.22571429,NA,0,0,NA,NA,NA,NA,17.12,477.0871429,0,1767.072711,Lower Middle Income,0,0,-2,0
MRT,2019,29.93,-0.2,Mauritania,MR,1767.072711,4467708,NA,-11.19173438,93.48669414,0,0,72.22571429,NA,0,0,NA,NA,NA,NA,17.19,477.0871429,0,1767.072711,Lower Middle Income,0,0,-2,0
MRT,2020,28.83,-1.1,Mauritania,MR,1795.764596,4600131,NA,11.23282992,86.77616813,0,1,72.22571429,NA,0,0,NA,NA,NA,NA,15.95,477.0871429,0,1767.072711,Lower Middle Income,0,0,-2,0
MRT,2021,28.48,-0.35,Mauritania,MR,1947.789184,4734874,NA,11.60475278,88.30687376,0,1,72.22571429,NA,0,0,NA,NA,NA,NA,15.19,477.0871429,0,1767.072711,Lower Middle Income,0,0,-2,0
MRT,2022,27.44,-1.04,Mauritania,MR,1960.352401,4875637,NA,14.66442086,102.0258991,1,0,72.22571429,NA,1960.352401,72.22571429,NA,NA,NA,NA,14.64,477.0871429,0,1767.072711,Lower Middle Income,0,0,-2,0
MRT,2023,21.53,-5.91,Mauritania,MR,2135.781876,5022441,NA,7.908683745,92.16544451,1,0,72.22571429,NA,2135.781876,72.22571429,NA,NA,NA,NA,11.48,477.0871429,0,1767.072711,Lower Middle Income,0,0,-2,0
MRT,2024,22.7,1.17,Mauritania,MR,2110.120369,5169395,NA,13.20393384,93.59883559,1,0,72.22571429,NA,2110.120369,72.22571429,NA,NA,NA,NA,12.56,477.0871429,0,1767.072711,Lower Middle Income,0,0,-2,0
MUS,2015,22.74,NA,Mauritius,MU,9630.543784,1262879,NA,1.779735453,133.1350691,0,0,78.23,NA,0,0,NA,NA,1136.149191,1118.823618,1,627.76,0,11568.25334,Upper Middle Income,1,0,10,1
MUS,2016,21.97,-0.77,Mauritius,MU,10095.12256,1263747,NA,2.968912881,126.310009,0,0,78.23,NA,0,0,NA,NA,1135.898027,1118.823618,1.64,627.76,0,11568.25334,Upper Middle Income,1,0,10,1
MUS,2017,19.93,-2.04,Mauritius,MU,10986.70341,1264887,NA,3.45396863,126.9640599,0,0,78.23,NA,0,0,NA,NA,1156.155179,1118.823618,1.61,627.76,0,11568.25334,Upper Middle Income,1,0,10,1
MUS,2018,20.51,0.58,Mauritius,MU,11818.74806,1265577,NA,3.078791712,123.5389844,0,0,78.23,NA,0,0,NA,NA,1142.144241,1118.823618,1.92,627.76,0,11568.25334,Upper Middle Income,1,0,10,1
MUS,2019,21.67,1.16,Mauritius,MU,11568.25334,1265985,NA,3.032233718,127.9408991,0,0,78.23,NA,0,0,NA,NA,1163.151792,1118.823618,4.33,627.76,0,11568.25334,Upper Middle Income,1,0,10,1
MUS,2020,24.14,2.47,Mauritius,MU,9135.847738,1266014,NA,1.942468625,121.1252255,0,1,78.23,NA,0,0,NA,NA,1025.837442,1118.823618,5.86,627.76,0,11568.25334,Upper Middle Income,1,0,10,1
MUS,2021,21.4,-2.74,Mauritius,MU,9177.71196,1266334,NA,2.241805527,135.1930046,0,1,78.23,NA,0,0,NA,NA,1072.429457,1118.823618,5.35,627.76,0,11568.25334,Upper Middle Income,1,0,10,1
MUS,2022,19.56,-1.84,Mauritius,MU,10246.50175,1262523,NA,4.219934124,147.663795,1,0,78.23,NA,10246.50175,78.23,NA,NA,NA,1118.823618,5.77,627.76,0,11568.25334,Upper Middle Income,1,1,10,1
MUS,2023,17.44,-2.12,Mauritius,MU,11269.96845,1248647,NA,5.399631304,147.3213921,1,0,78.23,NA,11269.96845,78.23,NA,NA,NA,1118.823618,4.9,627.76,0,11568.25334,Upper Middle Income,1,1,10,1
MUS,2024,17.89,0.45,Mauritius,MU,11990.77989,1245779,NA,4.560734593,145.4217003,1,0,78.23,NA,11990.77989,78.23,NA,NA,NA,1118.823618,5.28,627.76,0,11568.25334,Upper Middle Income,1,1,10,1
MWI,2015,94,NA,Malawi,MW,539.6053632,17085587,NA,3.121074775,NA,0,0,5.585714286,NA,0,0,NA,NA,NA,NA,1.38,64.74571429,1,580.8891398,Low Income,0,0,6,1
MWI,2016,93.96,-0.04,Malawi,MW,450.5061055,17557739,NA,1.462729731,NA,0,0,5.585714286,NA,0,0,NA,NA,NA,NA,1.4,64.74571429,1,580.8891398,Low Income,0,0,6,1
MWI,2017,100,6.04,Malawi,MW,495.7696834,18039715,NA,1.00854876,45.30031372,0,0,5.585714286,NA,0,0,NA,NA,NA,NA,2.09,64.74571429,1,580.8891398,Low Income,0,0,6,1
MWI,2018,81.76,-18.24,Malawi,MW,533.2025672,18528081,NA,0.779538296,43.57877349,0,0,5.585714286,NA,0,0,NA,NA,NA,NA,0.55,64.74571429,1,580.8891398,Low Income,0,0,6,1
MWI,2019,96.12,14.36,Malawi,MW,580.8891398,19025752,NA,0.499715596,44.19545246,0,0,5.585714286,NA,0,0,NA,NA,NA,NA,0.56,64.74571429,1,580.8891398,Low Income,0,0,6,1
MWI,2020,99.43,3.31,Malawi,MW,602.5074782,19533888,NA,2.142682647,41.03234294,0,1,5.585714286,NA,0,0,NA,NA,NA,NA,0.57,64.74571429,1,580.8891398,Low Income,0,0,6,1
MWI,2021,95.63,-3.8,Malawi,MW,617.4469945,20047258,NA,1.046177391,44.59576182,0,1,5.585714286,NA,0,0,NA,NA,NA,NA,0.55,64.74571429,1,580.8891398,Low Income,0,0,6,1
MWI,2022,95.63,0,Malawi,MW,604.2697404,20568728,NA,1.598886161,43.61662486,1,0,5.585714286,NA,604.2697404,5.585714286,NA,NA,NA,NA,0.55,64.74571429,1,580.8891398,Low Income,0,0,6,1
MWI,2023,95.63,0,Malawi,MW,633.214768,21104482,NA,1.601061125,42.4376684,1,0,5.585714286,NA,633.214768,5.585714286,NA,NA,NA,NA,0.55,64.74571429,1,580.8891398,Low Income,0,0,6,1
MWI,2024,95.63,0,Malawi,MW,522.5703936,21655286,NA,2.279636078,NA,1,0,5.585714286,NA,522.5703936,5.585714286,NA,NA,NA,NA,0.55,64.74571429,1,580.8891398,Low Income,0,0,6,1
MYS,2015,9.95,NA,Malaysia,MY,9648.679794,31232798,-9.786096438,3.270944029,131.3700724,0,0,84.23428571,-4.074701337,0,0,0,0,2708.662895,2758.731246,0.18,634.3642857,0,10920.19176,Upper Middle Income,1,0,5.5,1
MYS,2016,13.47,3.52,Malaysia,MY,9476.534098,31789685,-8.093858555,4.471309586,126.89901,0,0,84.23428571,-4.074701337,0,0,0,0,2760.831974,2758.731246,0.2,634.3642857,0,10920.19176,Upper Middle Income,1,0,5.5,1
MYS,2017,17.39,3.92,Malaysia,MY,9862.548066,32355644,-9.466197168,2.935820381,133.1551734,0,0,84.23428571,-4.074701337,0,0,0,0,2619.442527,2758.731246,0.21,634.3642857,0,10920.19176,Upper Middle Income,1,0,5.5,1
MYS,2018,16.6,-0.79,Malaysia,MY,10901.802,32910967,-2.316328471,2.314587212,130.4026255,0,0,84.23428571,-4.074701337,0,0,0,0,2841.118007,2758.731246,0.37,634.3642857,0,10920.19176,Upper Middle Income,1,0,5.5,1
MYS,2019,16.14,-0.46,Malaysia,MY,10920.19176,33440596,0.41944177,2.506977057,123.028562,0,0,84.23428571,-4.074701337,0,0,0,0,2879.894496,2758.731246,0.82,634.3642857,0,10920.19176,Upper Middle Income,1,0,5.5,1
MYS,2020,17.58,1.44,Malaysia,MY,9957.526267,33889558,1.459927327,1.202754643,116.7881824,0,1,84.23428571,-4.074701337,0,0,0,0,2719.433783,2758.731246,1.18,634.3642857,0,10920.19176,Upper Middle Income,1,0,5.5,1
MYS,2021,19.25,1.67,Malaysia,MY,10903.10375,34282399,-0.739797821,5.416263771,134.0359947,0,1,84.23428571,-4.074701337,0,0,0,0,2781.735038,2758.731246,1.31,634.3642857,0,10920.19176,Upper Middle Income,1,0,5.5,1
MYS,2022,19.48,0.23,Malaysia,MY,11754.56783,34695493,-0.578726686,3.684862155,146.4246048,1,0,84.23428571,-4.074701337,11754.56783,84.23428571,-4.074701337,0,NA,2758.731246,1.5,634.3642857,0,10920.19176,Upper Middle Income,1,1,5.5,1
MYS,2023,19.16,-0.32,Malaysia,MY,11386.03956,35126298,NA,1.979900627,132.5934616,1,0,84.23428571,-4.074701337,11386.03956,84.23428571,-4.074701337,0,NA,2758.731246,1.73,634.3642857,0,10920.19176,Upper Middle Income,1,1,5.5,1
MYS,2024,20.36,1.2,Malaysia,MY,11874.42737,35557673,NA,3.693095393,137.3625712,1,0,84.23428571,-4.074701337,11874.42737,84.23428571,-4.074701337,0,NA,2758.731246,2.08,634.3642857,0,10920.19176,Upper Middle Income,1,1,5.5,1
NAM,2015,97.47,NA,Namibia,NA,4774.106509,2374300,77.54128492,7.40068056,97.23903179,0,0,3.104285714,72.38353297,0,0,0,1,716.0347082,713.9805565,2.53,52.48285714,1,4731.921032,Upper Middle Income,0,0,6,1
NAM,2016,95.94,-1.53,Namibia,NA,4395.687762,2439213,76.78571429,3.345704373,93.96618796,0,0,3.104285714,72.38353297,0,0,0,1,758.5314354,713.9805565,4.05,52.48285714,1,4731.921032,Upper Middle Income,0,0,6,1
NAM,2017,96.04,0.1,Namibia,NA,5143.960723,2506853,73.89293853,2.175057302,81.2196661,0,0,3.104285714,72.38353297,0,0,0,1,713.807141,713.9805565,6.21,52.48285714,1,4731.921032,Upper Middle Income,0,0,6,1
NAM,2018,98.58,2.54,Namibia,NA,5308.608134,2577327,77.54212116,1.712998083,81.7138653,0,0,3.104285714,72.38353297,0,0,0,1,733.1740641,713.9805565,17.73,52.48285714,1,4731.921032,Upper Middle Income,0,0,6,1
NAM,2019,96.38,-2.2,Namibia,NA,4731.921032,2650494,71.53411942,-1.407106286,82.90115074,0,0,3.104285714,72.38353297,0,0,0,1,718.1703704,713.9805565,27.54,52.48285714,1,4731.921032,Upper Middle Income,0,0,6,1
NAM,2020,96.5,0.12,Namibia,NA,3878.58983,2728762,63.89713283,-1.418899553,76.9252424,0,1,3.104285714,72.38353297,0,0,0,1,677.7635541,713.9805565,21.5,52.48285714,1,4731.921032,Upper Middle Income,0,0,6,1
NAM,2021,97.35,0.85,Namibia,NA,4412.835569,2810548,65.49141966,6.775148977,83.54430309,0,1,3.104285714,72.38353297,0,0,0,1,680.382622,713.9805565,33.11,52.48285714,1,4731.921032,Upper Middle Income,0,0,6,1
NAM,2022,98.49,1.14,Namibia,NA,4349.799085,2889662,60.49989854,8.401668938,99.26255478,1,0,3.104285714,72.38353297,4349.799085,3.104285714,72.38353297,1,NA,713.9805565,39.4,52.48285714,1,4731.921032,Upper Middle Income,0,0,6,1
NAM,2023,97.88,-0.61,Namibia,NA,4187.605004,2963095,NA,18.49069951,110.770714,1,0,3.104285714,72.38353297,4187.605004,3.104285714,72.38353297,1,NA,713.9805565,28.04,52.48285714,1,4731.921032,Upper Middle Income,0,0,6,1
NAM,2024,97.57,-0.31,Namibia,NA,4413.127522,3030131,NA,14.4696555,109.6285098,1,0,3.104285714,72.38353297,4413.127522,3.104285714,72.38353297,1,NA,713.9805565,36.59,52.48285714,1,4731.921032,Upper Middle Income,0,0,6,1
NER,2015,1.85,NA,Niger,NE,485.6625742,19939498,-0.334913977,5.467617641,44.72743037,0,0,97.75,-3.494061253,0,0,0,0,148.7865325,147.4573555,1.85,703.8728571,0,561.6913043,Low Income,1,0,5.25,1
NER,2016,1.43,-0.42,Niger,NE,502.7064754,20685753,-2.752458811,2.897744783,36.48810922,0,0,97.75,-3.494061253,0,0,0,0,147.4520961,147.4573555,1.43,703.8728571,0,561.6913043,Low Income,1,0,5.25,1
NER,2017,1.79,0.36,Niger,NE,521.80413,21435446,-8.357413447,3.028230247,39.07111174,0,0,97.75,-3.494061253,0,0,0,0,143.8315997,147.4573555,1.79,703.8728571,0,561.6913043,Low Income,1,0,5.25,1
NER,2018,1.89,0.1,Niger,NE,578.5680357,22188069,-4.311691374,3.630373995,37.5388484,0,0,97.75,-3.494061253,0,0,0,0,146.1015849,147.4573555,1.89,703.8728571,0,561.6913043,Low Income,1,0,5.25,1
NER,2019,2.99,1.1,Niger,NE,561.6913043,22947757,-2.624496708,5.563788728,37.10256643,0,0,97.75,-3.494061253,0,0,0,0,148.1249509,147.4573555,2.99,703.8728571,0,561.6913043,Low Income,1,0,5.25,1
NER,2020,2.99,0,Niger,NE,579.5124958,23717613,-3.411816002,2.623955453,35.51299066,0,1,97.75,-3.494061253,0,0,0,0,147.8153742,147.4573555,2.99,703.8728571,0,561.6913043,Low Income,1,0,5.25,1
NER,2021,2.82,-0.17,Niger,NE,608.7224396,24502140,-2.665638455,3.98812628,37.01589355,0,1,97.75,-3.494061253,0,0,0,0,150.0893502,147.4573555,2.82,703.8728571,0,561.6913043,Low Income,1,0,5.25,1
NER,2022,2.53,-0.29,Niger,NE,609.7451476,25311973,5.405578524,6.258808343,52.80614843,1,0,97.75,-3.494061253,609.7451476,97.75,-3.494061253,0,NA,147.4573555,2.53,703.8728571,0,561.6913043,Low Income,1,1,5.25,1
NER,2023,2.06,-0.47,Niger,NE,638.3360809,26159867,NA,6.141478694,46.47555806,1,0,97.75,-3.494061253,638.3360809,97.75,-3.494061253,0,NA,147.4573555,2.06,703.8728571,0,561.6913043,Low Income,1,1,5.25,1
NER,2024,3.16,1.1,Niger,NE,735.2702558,27032412,NA,1.801575477,49.97598374,1,0,97.75,-3.494061253,735.2702558,97.75,-3.494061253,0,NA,147.4573555,3.16,703.8728571,0,561.6913043,Low Income,1,1,5.25,1
NGA,2015,19.5,NA,Nigeria,NG,2585.733607,190671878,-184.4491873,0.621501637,NA,0,0,78.30142857,-140.8298195,0,0,0,0,320.3185424,322.7098429,0.09,516.04,0,3189.812865,Lower Middle Income,0,0,7,1
NGA,2016,22.46,2.96,Nigeria,NG,2070.412734,195443700,-139.5765457,0.853395743,NA,0,0,78.30142857,-140.8298195,0,0,0,0,331.4861405,322.7098429,0.08,516.04,0,3189.812865,Lower Middle Income,0,0,7,1
NGA,2017,24.19,1.73,Nigeria,NG,1876.340271,200254579,-151.9270447,0.642182922,NA,0,0,78.30142857,-140.8298195,0,0,0,0,316.7303265,322.7098429,0.09,516.04,0,3189.812865,Lower Middle Income,0,0,7,1
NGA,2018,21.17,-3.02,Nigeria,NG,2057.879446,204938755,-170.338239,0.183821496,NA,0,0,78.30142857,-140.8298195,0,0,0,0,300.4574697,322.7098429,0.11,516.04,0,3189.812865,Lower Middle Income,0,0,7,1
NGA,2019,23.34,2.17,Nigeria,NG,3189.812865,209485641,-145.3426255,0.344961216,NA,0,0,78.30142857,-140.8298195,0,0,0,0,331.0447471,322.7098429,0.14,516.04,0,3189.812865,Lower Middle Income,0,0,7,1
NGA,2020,20.56,-2.78,Nigeria,NG,2797.184581,213996181,-111.8780182,0.39848483,NA,0,1,78.30142857,-140.8298195,0,0,0,0,324.4551722,322.7098429,0.21,516.04,0,3189.812865,Lower Middle Income,0,0,7,1
NGA,2021,20.67,0.11,Nigeria,NG,2787.487792,218529286,-82.29707576,0.543909122,NA,0,1,78.30142857,-140.8298195,0,0,0,0,334.4765015,322.7098429,0.26,516.04,0,3189.812865,Lower Middle Income,0,0,7,1
NGA,2022,24.71,4.04,Nigeria,NG,2899.160475,223150896,-66.28810119,-0.028872765,NA,1,0,78.30142857,-140.8298195,2899.160475,78.30142857,-140.8298195,0,NA,322.7098429,0.26,516.04,0,3189.812865,Lower Middle Income,0,0,7,1
NGA,2023,22.68,-2.03,Nigeria,NG,2138.763837,227882945,NA,0.384195198,NA,1,0,78.30142857,-140.8298195,2138.763837,78.30142857,-140.8298195,0,NA,322.7098429,0.27,516.04,0,3189.812865,Lower Middle Income,0,0,7,1
NGA,2024,25,2.32,Nigeria,NG,1084.160418,232679478,NA,0.428249683,NA,1,0,78.30142857,-140.8298195,1084.160418,78.30142857,-140.8298195,0,NA,322.7098429,0.35,516.04,0,3189.812865,Lower Middle Income,0,0,7,1
NIC,2015,50.1,NA,Nicaragua,NI,2074.456206,6149417,46.19071196,7.580332558,98.19416459,0,0,40.98428571,43.11965363,0,0,0,1,611.8763319,612.9704978,18.95,314.2671429,0,1958.620515,Lower Middle Income,0,0,6.75,1
NIC,2016,52.29,2.19,Nicaragua,NI,2131.687048,6232666,43.17138333,7.44462628,93.81372781,0,0,40.98428571,43.11965363,0,0,0,1,626.8230074,612.9704978,15.9,314.2671429,0,1958.620515,Lower Middle Income,0,0,6.75,1
NIC,2017,55.97,3.68,Nicaragua,NI,2182.61381,6316231,44.45733421,7.510576206,96.38058644,0,0,40.98428571,43.11965363,0,0,0,1,632.3739473,612.9704978,14.16,314.2671429,0,1958.620515,Lower Middle Income,0,0,6.75,1
NIC,2018,58.7,2.73,Nicaragua,NI,2035.165494,6400080,41.01427957,6.430600581,93.98474049,0,0,40.98428571,43.11965363,0,0,0,1,616.5169962,612.9704978,17.63,314.2671429,0,1958.620515,Lower Middle Income,0,0,6.75,1
NIC,2019,56.99,-1.71,Nicaragua,NI,1958.620515,6483657,44.58833306,3.960934441,94.04221592,0,0,40.98428571,43.11965363,0,0,0,1,616.1511293,612.9704978,16.6,314.2671429,0,1958.620515,Lower Middle Income,0,0,6.75,1
NIC,2020,69.92,12.93,Nicaragua,NI,1938.447048,6565267,40.60587953,5.865749027,88.63812312,0,1,40.98428571,43.11965363,0,0,0,1,584.3209985,612.9704978,15.3,314.2671429,0,1958.620515,Lower Middle Income,0,0,6.75,1
NIC,2021,69.12,-0.8,Nicaragua,NI,2138.385885,6644741,41.80965372,7.369966214,106.2073908,0,1,40.98428571,43.11965363,0,0,0,1,602.731074,612.9704978,16.39,314.2671429,0,1958.620515,Lower Middle Income,0,0,6.75,1
NIC,2022,64.11,-5.01,Nicaragua,NI,2322.89054,6730654,46.49101824,8.232396503,115.4546787,1,0,40.98428571,43.11965363,2322.89054,40.98428571,43.11965363,1,NA,612.9704978,13.65,314.2671429,0,1958.620515,Lower Middle Income,0,0,6.75,1
NIC,2023,62.39,-1.72,Nicaragua,NI,2609.444921,6823613,NA,6.255811897,105.0030976,1,0,40.98428571,43.11965363,2609.444921,40.98428571,43.11965363,1,NA,612.9704978,13.05,314.2671429,0,1958.620515,Lower Middle Income,0,0,6.75,1
NIC,2024,62.39,0,Nicaragua,NI,2847.539663,6916140,NA,6.866564281,98.52583771,1,0,40.98428571,43.11965363,2847.539663,40.98428571,43.11965363,1,NA,612.9704978,13.05,314.2671429,0,1958.620515,Lower Middle Income,0,0,6.75,1
NPL,2015,100,NA,Nepal,NP,875.5436355,27823629,16.84234901,0.213029528,46.66573039,0,0,0,25.58846017,0,0,0,1,426.243114,487.7260208,0.87,23.29714286,1,1203.142947,Lower Middle Income,0,0,6.25,1
NPL,2016,100,0,Nepal,NP,877.2564547,27955462,23.06347087,0.432212944,42.11548612,0,0,0,25.58846017,0,0,0,1,458.1690035,487.7260208,0.72,23.29714286,1,1203.142947,Lower Middle Income,0,0,6.25,1
NPL,2017,100,0,Nepal,NP,1034.283749,28011258,25.90752508,0.677439884,44.64241062,0,0,0,25.58846017,0,0,0,1,484.0466676,487.7260208,1.97,23.29714286,1,1203.142947,Lower Middle Income,0,0,6.25,1
NPL,2018,100,0,Nepal,NP,1179.198432,28079689,28.05656927,0.206157202,48.44738695,0,0,0,25.58846017,0,0,0,1,504.5080029,487.7260208,1.86,23.29714286,1,1203.142947,Lower Middle Income,0,0,6.25,1
NPL,2019,100,0,Nepal,NP,1203.142947,28414064,26.82844865,0.54280198,49.24952659,0,0,0,25.58846017,0,0,0,1,482.6283454,487.7260208,1.46,23.29714286,1,1203.142947,Lower Middle Income,0,0,6.25,1
NPL,2020,99.99,-0.01,Nepal,NP,1154.215176,28966574,29.15963296,0.378739091,40.91887412,0,1,0,25.58846017,0,0,0,1,524.4553198,487.7260208,1.45,23.29714286,1,1203.142947,Lower Middle Income,0,0,6.25,1
NPL,2021,99.99,0,Nepal,NP,1252.750767,29475010,29.26122534,0.531690907,43.05380479,0,1,0,25.58846017,0,0,0,1,534.0316923,487.7260208,1.03,23.29714286,1,1203.142947,Lower Middle Income,0,0,6.25,1
NPL,2022,99.99,0,Nepal,NP,1385.910663,29715436,27.41372487,0.160405405,48.97340148,1,0,0,25.58846017,1385.910663,0,25.58846017,1,NA,487.7260208,1.02,23.29714286,1,1203.142947,Lower Middle Income,0,0,6.25,1
NPL,2023,99.99,0,Nepal,NP,1382.330558,29694614,NA,0.182279066,41.57015029,1,0,0,25.58846017,1382.330558,0,25.58846017,1,NA,487.7260208,1.02,23.29714286,1,1203.142947,Lower Middle Income,0,0,6.25,1
NPL,2024,100,0.01,Nepal,NP,1447.310045,29651054,NA,0.132590417,40.52982268,1,0,0,25.58846017,1447.310045,0,25.58846017,1,NA,487.7260208,1.17,23.29714286,1,1203.142947,Lower Middle Income,0,0,6.25,1
PAK,2015,33.65,NA,Pakistan,PK,1380.470208,217290883,29.00459256,0.557734356,26.68818602,0,0,64.44428571,35.87357509,0,0,0,1,437.198223,449.2690137,1.04,465.592,0,1390.41691,Lower Middle Income,0,0,7,1
PAK,2016,29.16,-4.49,Pakistan,PK,1424.691612,220138869,33.38209888,0.821349998,24.70157805,0,0,64.44428571,35.87357509,0,0,0,1,446.915366,449.2690137,1.63,465.592,0,1390.41691,Lower Middle Income,0,0,7,1
PAK,2017,25.04,-4.12,Pakistan,PK,1519.234595,223273967,39.14784091,0.73583705,25.472035,0,0,64.44428571,35.87357509,0,0,0,1,456.1073264,449.2690137,2.32,465.592,0,1390.41691,Lower Middle Income,0,0,7,1
PAK,2018,25.68,0.64,Pakistan,PK,1569.338146,226928892,35.52570597,0.487745751,27.62605708,0,0,64.44428571,35.87357509,0,0,0,1,453.6031265,449.2690137,3.16,465.592,0,1390.41691,Lower Middle Income,0,0,7,1
PAK,2019,30.21,4.53,Pakistan,PK,1390.41691,230800899,33.5162433,0.69614648,28.90557699,0,0,64.44428571,35.87357509,0,0,0,1,431.6047549,449.2690137,4.06,465.592,0,1390.41691,Lower Middle Income,0,0,7,1
PAK,2020,30.38,0.17,Pakistan,PK,1278.397352,235001746,38.95372369,0.68469529,26.71628073,0,1,64.44428571,35.87357509,0,0,0,1,454.3384362,449.2690137,5.15,465.592,0,1390.41691,Lower Middle Income,0,0,7,1
PAK,2021,29.28,-1.1,Pakistan,PK,1455.319224,239477801,41.58482031,0.616039439,27.03042041,0,1,64.44428571,35.87357509,0,0,0,1,465.1158629,449.2690137,6.42,465.592,0,1390.41691,Lower Middle Income,0,0,7,1
PAK,2022,31.3,2.02,Pakistan,PK,1538.322813,243700667,39.79255094,0.389980754,33.03135348,1,0,64.44428571,35.87357509,1538.322813,64.44428571,35.87357509,1,NA,449.2690137,7.94,465.592,0,1390.41691,Lower Middle Income,0,0,7,1
PAK,2023,36.73,5.43,Pakistan,PK,1360.324178,247504495,NA,0.608281271,28.46769255,1,0,64.44428571,35.87357509,1360.324178,64.44428571,35.87357509,1,NA,449.2690137,10.37,465.592,0,1390.41691,Lower Middle Income,0,0,7,1
PAK,2024,41.13,4.4,Pakistan,PK,1478.77278,251269164,NA,0.716688645,27.57846835,1,0,64.44428571,35.87357509,1478.77278,64.44428571,35.87357509,1,NA,449.2690137,15.11,465.592,0,1390.41691,Lower Middle Income,0,0,7,1
PER,2015,52.73,NA,Peru,PE,6231.711503,30457600,-0.66607774,3.86551317,45.16276869,0,0,41.65142857,2.935421654,0,0,0,1,743.1664791,758.0107102,1.72,271.1957143,0,7037.008037,Upper Middle Income,0,0,9,1
PER,2016,50.38,-2.35,Peru,PE,6217.036,30866494,0.645431142,3.546281887,45.3888412,0,0,41.65142857,2.935421654,0,0,0,1,764.2358279,758.0107102,2.51,271.1957143,0,7037.008037,Upper Middle Income,0,0,9,1
PER,2017,58.6,8.22,Peru,PE,6736.166937,31324637,2.060697265,3.513331494,47.51355036,0,0,41.65142857,2.935421654,0,0,0,1,762.2463399,758.0107102,2.58,271.1957143,0,7037.008037,Upper Middle Income,0,0,9,1
PER,2018,61.13,2.53,Peru,PE,6978.491215,31897584,4.915386349,2.638246195,48.63147017,0,0,41.65142857,2.935421654,0,0,0,1,784.0279832,758.0107102,4.12,271.1957143,0,7037.008037,Upper Middle Income,0,0,9,1
PER,2019,60.54,-0.59,Peru,PE,7037.008037,32449303,4.688637935,2.091289834,46.94350538,0,0,41.65142857,2.935421654,0,0,0,1,798.5971205,758.0107102,4.27,271.1957143,0,7037.008037,Upper Middle Income,0,0,9,1
PER,2020,63.49,2.95,Peru,PE,6133.325524,32838579,-2.702516938,0.329387076,44.2459672,0,1,41.65142857,2.935421654,0,0,0,1,678.5117123,758.0107102,4.91,271.1957143,0,7037.008037,Upper Middle Income,0,0,9,1
PER,2021,61.57,-1.92,Peru,PE,6826.202556,33155882,11.60639357,3.155709023,55.42724937,0,1,41.65142857,2.935421654,0,0,0,1,775.2895088,758.0107102,4.59,271.1957143,0,7037.008037,Upper Middle Income,0,0,9,1
PER,2022,55.23,-6.34,Peru,PE,7350.630343,33475438,12.1859651,4.552215821,57.29697596,1,0,41.65142857,2.935421654,7350.630343,41.65142857,2.935421654,1,NA,758.0107102,4.62,271.1957143,0,7037.008037,Upper Middle Income,0,0,9,1
PER,2023,54.38,-0.85,Peru,PE,7887.541859,33845617,NA,1.625347467,50.78518421,1,0,41.65142857,2.935421654,7887.541859,41.65142857,2.935421654,1,NA,758.0107102,4.55,271.1957143,0,7037.008037,Upper Middle Income,0,0,9,1
PER,2024,60.11,5.73,Peru,PE,8452.371671,34217848,NA,2.350926287,51.47588787,1,0,41.65142857,2.935421654,8452.371671,41.65142857,2.935421654,1,NA,758.0107102,5.13,271.1957143,0,7037.008037,Upper Middle Income,0,0,9,1
PHL,2015,25.41,NA,Philippines,PH,2909.85818,105312992,49.33672646,1.840180107,59.14159211,0,0,76.90142857,49.51161798,0,0,0,1,499.0723638,531.4470705,1.08,575.56,0,3400.789498,Lower Middle Income,1,0,8,1
PHL,2016,24.2,-1.21,Philippines,PH,2985.19564,106735719,47.82083744,2.598508035,61.77606577,0,0,76.90142857,49.51161798,0,0,0,1,520.9824172,531.4470705,2.29,575.56,0,3400.789498,Lower Middle Income,1,0,8,1
PHL,2017,24.55,0.35,Philippines,PH,3038.12125,108119693,49.8100382,3.122387784,68.16836974,0,0,76.90142857,49.51161798,0,0,0,1,544.477188,531.4470705,2.43,575.56,0,3400.789498,Lower Middle Income,1,0,8,1
PHL,2018,23.36,-1.19,Philippines,PH,3168.510366,109465287,54.0743638,2.868338261,72.1633983,0,0,76.90142857,49.51161798,0,0,0,1,554.5019928,531.4470705,2.4,575.56,0,3400.789498,Lower Middle Income,1,0,8,1
PHL,2019,20.78,-2.58,Philippines,PH,3400.789498,110804683,48.61614489,2.301174986,68.84184226,0,0,76.90142857,49.51161798,0,0,0,1,551.8794831,531.4470705,2.16,575.56,0,3400.789498,Lower Middle Income,1,0,8,1
PHL,2020,21.23,0.45,Philippines,PH,3227.579102,112081264,47.01745252,1.885863632,58.1695603,0,1,76.90142857,49.51161798,0,0,0,1,518.1706273,531.4470705,2.36,575.56,0,3400.789498,Lower Middle Income,1,0,8,1
PHL,2021,22.13,0.9,Philippines,PH,3484.385939,113100950,49.90576254,3.040788553,63.48460981,0,1,76.90142857,49.51161798,0,0,0,1,531.0454215,531.4470705,2.6,575.56,0,3400.789498,Lower Middle Income,1,0,8,1
PHL,2022,22.16,0.03,Philippines,PH,3548.069306,113964338,54.42507677,2.347509723,72.42968361,1,0,76.90142857,49.51161798,3548.069306,76.90142857,49.51161798,1,NA,531.4470705,2.58,575.56,0,3400.789498,Lower Middle Income,1,1,8,1
PHL,2023,21.43,-0.73,Philippines,PH,3804.082741,114891199,NA,2.042103548,67.41996932,1,0,76.90142857,49.51161798,3804.082741,76.90142857,49.51161798,1,NA,531.4470705,2.72,575.56,0,3400.789498,Lower Middle Income,1,1,8,1
PHL,2024,20.48,-0.95,Philippines,PH,3984.831539,115843670,NA,2.035955409,65.88547253,1,0,76.90142857,49.51161798,3984.831539,76.90142857,49.51161798,1,NA,531.4470705,2.89,575.56,0,3400.789498,Lower Middle Income,1,1,8,1
PNG,2015,31.35,NA,Papua New Guinea,PG,2484.59634,8743246,NA,0.138228028,NA,0,0,72.81,NA,0,0,NA,NA,NA,NA,0,492.4814286,0,2575.772741,Lower Middle Income,0,0,5,1
PNG,2016,29.77,-1.58,Papua New Guinea,PG,2316.394798,8961718,NA,-0.188417025,NA,0,0,72.81,NA,0,0,NA,NA,NA,NA,0,492.4814286,0,2575.772741,Lower Middle Income,0,0,5,1
PNG,2017,27.82,-1.95,Papua New Guinea,PG,2477.76531,9178714,NA,-0.788236306,NA,0,0,72.81,NA,0,0,NA,NA,NA,NA,0,492.4814286,0,2575.772741,Lower Middle Income,0,0,5,1
PNG,2018,22.94,-4.88,Papua New Guinea,PG,2566.368337,9394513,NA,1.271855264,NA,0,0,72.81,NA,0,0,NA,NA,NA,NA,0,492.4814286,0,2575.772741,Lower Middle Income,0,0,5,1
PNG,2019,26.41,3.47,Papua New Guinea,PG,2575.772741,9609010,NA,1.355812794,NA,0,0,72.81,NA,0,0,NA,NA,NA,NA,0,492.4814286,0,2575.772741,Lower Middle Income,0,0,5,1
PNG,2020,27.31,0.9,Papua New Guinea,PG,2429.611346,9815746,NA,0.473794497,NA,0,1,72.81,NA,0,0,NA,NA,NA,NA,0,492.4814286,0,2575.772741,Lower Middle Income,0,0,5,1
PNG,2021,24.73,-2.58,Papua New Guinea,PG,2607.578619,10012896,NA,-0.131822921,NA,0,1,72.81,NA,0,0,NA,NA,NA,NA,0,492.4814286,0,2575.772741,Lower Middle Income,0,0,5,1
PNG,2022,21.14,-3.59,Papua New Guinea,PG,3102.289686,10203169,NA,3.769813816,NA,1,0,72.81,NA,3102.289686,72.81,NA,NA,NA,NA,0.22,492.4814286,0,2575.772741,Lower Middle Income,0,0,5,1
PNG,2023,23.67,2.53,Papua New Guinea,PG,2966.068304,10389635,NA,0.140519777,NA,1,0,72.81,NA,2966.068304,72.81,NA,NA,NA,NA,0.21,492.4814286,0,2575.772741,Lower Middle Income,0,0,5,1
PNG,2024,23.67,0,Papua New Guinea,PG,3006.705645,10576502,NA,-0.623631179,NA,1,0,72.81,NA,3006.705645,72.81,NA,NA,NA,NA,0.21,492.4814286,0,2575.772741,Lower Middle Income,0,0,5,1
PRY,2015,100,NA,Paraguay,PY,5879.337923,6159103,-27.07908072,2.223508089,66.91506553,0,0,0,-10.76357799,0,0,0,0,925.1934116,1071.541707,0,24.44714286,1,5821.181995,Upper Middle Income,0,0,9,1
PRY,2016,100,0,Paraguay,PY,5775.159634,6249126,-26.9531598,2.270326827,67.75931523,0,0,0,-10.76357799,0,0,0,0,1072.606284,1071.541707,0,24.44714286,1,5821.181995,Upper Middle Income,0,0,9,1
PRY,2017,100,0,Paraguay,PY,6152.267115,6338660,-18.44009694,1.946813214,71.0801344,0,0,0,-10.76357799,0,0,0,0,1116.339463,1071.541707,0,24.44714286,1,5821.181995,Upper Middle Income,0,0,9,1
PRY,2018,100,0,Paraguay,PY,6258.449916,6427382,-12.47505876,0.787454988,72.06922363,0,0,0,-10.76357799,0,0,0,0,1130.483678,1071.541707,0,24.44714286,1,5821.181995,Upper Middle Income,0,0,9,1
PRY,2019,100,0,Paraguay,PY,5821.181995,6515058,-1.476952054,1.280227857,71.22216173,0,0,0,-10.76357799,0,0,0,0,1105.562537,1071.541707,0,24.44714286,1,5821.181995,Upper Middle Income,0,0,9,1
PRY,2020,100,0,Paraguay,PY,5365.472207,6603739,0.799334516,0.81672374,62.76021747,0,1,0,-10.76357799,0,0,0,0,1056.54063,1071.541707,0,24.44714286,1,5821.181995,Upper Middle Income,0,0,9,1
PRY,2021,100,0,Paraguay,PY,5976.931798,6684182,10.27996786,1.461951754,69.74227302,0,1,0,-10.76357799,0,0,0,0,1094.065945,1071.541707,0,24.44714286,1,5821.181995,Upper Middle Income,0,0,9,1
PRY,2022,100,0,Paraguay,PY,6205.625954,6760464,5.651497735,2.038447198,73.73790502,1,0,0,-10.76357799,6205.625954,0,-10.76357799,0,NA,1071.541707,0,24.44714286,1,5821.181995,Upper Middle Income,0,0,9,1
PRY,2023,100,0,Paraguay,PY,6299.990265,6844146,-4.694029003,2.578341419,82.40521077,1,0,0,-10.76357799,6299.990265,0,-10.76357799,0,NA,1071.541707,0,24.44714286,1,5821.181995,Upper Middle Income,0,0,9,1
PRY,2024,100,0,Paraguay,PY,6416.09709,6929153,NA,2.468437802,76.83115654,1,0,0,-10.76357799,6416.09709,0,-10.76357799,0,NA,1071.541707,0,24.44714286,1,5821.181995,Upper Middle Income,0,0,9,1
PSE,2015,1.92,NA,West Bank and Gaza,PS,3272.154324,4270092,NA,0.751035804,70.78096819,0,0,86.67571429,NA,0,0,NA,NA,NA,NA,1.92,575.18,0,3656.858271,Lower Middle Income,1,0,NA,NA
PSE,2016,7.55,5.63,West Bank and Gaza,PS,3527.613824,4367088,NA,1.924477981,65.42251418,0,0,86.67571429,NA,0,0,NA,NA,NA,NA,7.55,575.18,0,3656.858271,Lower Middle Income,1,0,NA,NA
PSE,2017,9.09,1.54,West Bank and Gaza,PS,3620.360487,4454805,NA,1.140566982,68.44866071,0,0,86.67571429,NA,0,0,NA,NA,NA,NA,9.09,575.18,0,3656.858271,Lower Middle Income,1,0,NA,NA
PSE,2018,14.29,5.2,West Bank and Gaza,PS,3562.330943,4569087,NA,1.294462944,71.40127545,0,0,86.67571429,NA,0,0,NA,NA,NA,NA,14.29,575.18,0,3656.858271,Lower Middle Income,1,0,NA,NA
PSE,2019,14.81,0.52,West Bank and Gaza,PS,3656.858271,4685306,NA,0.769720047,68.99349228,0,0,86.67571429,NA,0,0,NA,NA,NA,NA,14.81,575.18,0,3656.858271,Lower Middle Income,1,0,NA,NA
PSE,2020,21.43,6.62,West Bank and Gaza,PS,3233.568638,4803269,NA,0.513433767,67.28819125,0,1,86.67571429,NA,0,0,NA,NA,NA,NA,21.43,575.18,0,3656.858271,Lower Middle Income,1,0,NA,NA
PSE,2021,24.18,2.75,West Bank and Gaza,PS,3678.635657,4922749,NA,1.951941327,73.08354962,0,1,86.67571429,NA,0,0,NA,NA,NA,NA,24.18,575.18,0,3656.858271,Lower Middle Income,1,0,NA,NA
PSE,2022,33.33,9.15,West Bank and Gaza,PS,3799.95527,5043612,NA,1.62179695,82.39492839,1,0,86.67571429,NA,3799.95527,86.67571429,NA,NA,NA,NA,33.33,575.18,0,3656.858271,Lower Middle Income,1,1,NA,NA
PSE,2023,40,6.67,West Bank and Gaza,PS,3455.028529,5165775,NA,0.580098297,79.53316637,1,0,86.67571429,NA,3455.028529,86.67571429,NA,NA,NA,NA,40,575.18,0,3656.858271,Lower Middle Income,1,1,NA,NA
PSE,2024,39.39,-0.61,West Bank and Gaza,PS,2592.305912,5289152,NA,1.182813298,81.31368016,1,0,86.67571429,NA,2592.305912,86.67571429,NA,NA,NA,NA,39.39,575.18,0,3656.858271,Lower Middle Income,1,1,NA,NA
RWA,2015,56.86,NA,Rwanda,RW,733.9986299,11640022,9.12905135,1.897101712,45.20197562,0,0,47.57428571,9.398850365,0,0,0,1,354.428994,356.9259098,1.96,319.7942857,0,810.0514121,Low Income,0,0,-3,0
RWA,2016,50.01,-6.85,Rwanda,RW,729.5191338,11919183,9.070792635,3.217234903,49.48490711,0,0,47.57428571,9.398850365,0,0,0,1,351.7667715,356.9259098,3.13,319.7942857,0,810.0514121,Low Income,0,0,-3,0
RWA,2017,46.16,-3.85,Rwanda,RW,758.3009665,12202060,9.855538078,2.961535826,53.67526742,0,0,47.57428571,9.398850365,0,0,0,1,355.1802276,356.9259098,3.08,319.7942857,0,810.0514121,Low Income,0,0,-3,0
RWA,2018,41.46,-4.7,Rwanda,RW,771.7735112,12487996,10.01795931,3.799501382,55.78412637,0,0,47.57428571,9.398850365,0,0,0,1,357.7162172,356.9259098,3.66,319.7942857,0,810.0514121,Low Income,0,0,-3,0
RWA,2019,50.59,9.13,Rwanda,RW,810.0514121,12776103,9.994403385,2.542899792,57.97566286,0,0,47.57428571,9.398850365,0,0,0,1,358.4603819,356.9259098,3.53,319.7942857,0,810.0514121,Low Income,0,0,-3,0
RWA,2020,62.92,12.33,Rwanda,RW,778.7014989,13065837,8.485399131,1.499983469,55.18795155,0,1,47.57428571,9.398850365,0,0,0,1,358.2495502,356.9259098,3.37,319.7942857,0,810.0514121,Low Income,0,0,-3,0
RWA,2021,59,-3.92,Rwanda,RW,829.5448453,13355260,9.238808672,2.106592869,54.29383185,0,1,47.57428571,9.398850365,0,0,0,1,362.6792261,356.9259098,4,319.7942857,0,810.0514121,Low Income,0,0,-3,0
RWA,2022,57.7,-1.3,Rwanda,RW,975.4693237,13651030,10.57932264,2.291214888,61.1450795,1,0,47.57428571,9.398850365,975.4693237,47.57428571,9.398850365,1,NA,356.9259098,3.85,319.7942857,0,810.0514121,Low Income,0,0,-3,0
RWA,2023,49.09,-8.61,Rwanda,RW,1027.034468,13954471,NA,3.193223958,64.90690414,1,0,47.57428571,9.398850365,1027.034468,47.57428571,9.398850365,1,NA,356.9259098,3.64,319.7942857,0,810.0514121,Low Income,0,0,-3,0
RWA,2024,49.56,0.47,Rwanda,RW,999.6545617,14256567,NA,4.020093197,69.95441357,1,0,47.57428571,9.398850365,999.6545617,47.57428571,9.398850365,1,NA,356.9259098,3.54,319.7942857,0,810.0514121,Low Income,0,0,-3,0
SDN,2015,64.63,NA,Sudan,SD,1292.379639,40024431,4.169870247,3.341352614,18.37827285,0,0,38.23571429,12.78143873,0,0,0,1,463.3920935,439.1551917,0.08,267.6185714,0,709.9752808,Low Income,0,0,NA,NA
SDN,2016,56.21,-8.42,Sudan,SD,1033.215942,41259892,5.679396408,2.495327593,15.28166989,0,0,38.23571429,12.78143873,0,0,0,1,448.4959956,439.1551917,0.14,267.6185714,0,709.9752808,Low Income,0,0,NA,NA
SDN,2017,60.51,4.3,Sudan,SD,966.5056763,42714306,9.259198498,2.580438764,17.83138983,0,0,38.23571429,12.78143873,0,0,0,1,443.1355342,439.1551917,0.13,267.6185714,0,709.9752808,Low Income,0,0,NA,NA
SDN,2018,59.75,-0.76,Sudan,SD,731.0274658,44230596,16.26372808,3.512695239,21.86791873,0,0,38.23571429,12.78143873,0,0,0,1,435.1899358,439.1551917,0.12,267.6185714,0,709.9752808,Low Income,0,0,NA,NA
SDN,2019,63.75,4,Sudan,SD,709.9752808,45548175,15.65563622,2.552269688,26.11962046,0,0,38.23571429,12.78143873,0,0,0,1,435.4379728,439.1551917,0.12,267.6185714,0,709.9752808,Low Income,0,0,NA,NA
SDN,2020,64.82,1.07,Sudan,SD,577.7952271,46789231,17.60822808,2.65193447,9.955145076,0,1,38.23571429,12.78143873,0,0,0,1,422.2715798,439.1551917,0.17,267.6185714,0,709.9752808,Low Income,0,0,NA,NA
SDN,2021,62.65,-2.17,Sudan,SD,712.1220093,48066924,20.83401357,1.527540298,4.127548638,0,1,38.23571429,12.78143873,0,0,0,1,426.1632301,439.1551917,0.17,267.6185714,0,709.9752808,Low Income,0,0,NA,NA
SDN,2022,71.75,9.1,Sudan,SD,1046.240845,49383346,18.85681063,1.110004216,2.698834436,1,0,38.23571429,12.78143873,1046.240845,38.23571429,12.78143873,1,NA,439.1551917,0.77,267.6185714,0,709.9752808,Low Income,0,0,NA,NA
SDN,2023,80.98,9.23,Sudan,SD,797.2834473,50042791,NA,1.373993729,2.473728783,1,0,38.23571429,12.78143873,797.2834473,38.23571429,12.78143873,1,NA,439.1551917,0.96,267.6185714,0,709.9752808,Low Income,0,0,NA,NA
SDN,2024,79.68,-1.3,Sudan,SD,984.607666,50448963,NA,NA,1.995412102,1,0,38.23571429,12.78143873,984.607666,38.23571429,12.78143873,1,NA,439.1551917,1.08,267.6185714,0,709.9752808,Low Income,0,0,NA,NA
SEN,2015,9.01,NA,Senegal,SN,1218.006136,14593331,68.98107297,2.301949347,58.11033767,0,0,86.58428571,67.18121915,0,0,0,1,296.7756213,287.079601,0,595.0314286,0,1431.181289,Lower Middle Income,1,0,7,1
SEN,2016,9,-0.01,Senegal,SN,1266.439572,15034521,68.35950255,2.481103207,54.10816921,0,0,86.58428571,67.18121915,0,0,0,1,287.0420224,287.079601,0.21,595.0314286,0,1431.181289,Lower Middle Income,1,0,7,1
SEN,2017,11.23,2.23,Senegal,SN,1356.805184,15475002,63.92347791,2.801853806,57.70527985,0,0,86.58428571,67.18121915,0,0,0,1,278.0196746,287.079601,1.91,595.0314286,0,1431.181289,Lower Middle Income,1,0,7,1
SEN,2018,14.17,2.94,Senegal,SN,1452.556126,15914498,70.3239781,3.66765809,61.78983948,0,0,86.58428571,67.18121915,0,0,0,1,274.3790327,287.079601,5.06,595.0314286,0,1431.181289,Lower Middle Income,1,0,7,1
SEN,2019,13.4,-0.77,Senegal,SN,1431.181289,16352922,70.18438162,4.552476186,64.23625061,0,0,86.58428571,67.18121915,0,0,0,1,298.5595251,287.079601,6.01,595.0314286,0,1431.181289,Lower Middle Income,1,0,7,1
SEN,2020,16.84,3.44,Senegal,SN,1461.087204,16789219,62.06754948,7.523957081,60.04687161,0,1,86.58428571,67.18121915,0,0,0,1,280.6079033,287.079601,9.9,595.0314286,0,1431.181289,Lower Middle Income,1,0,7,1
SEN,2021,20.27,3.43,Senegal,SN,1598.10677,17220867,66.42857143,9.404264051,69.37599399,0,1,86.58428571,67.18121915,0,0,0,1,294.1734274,287.079601,14.12,595.0314286,0,1431.181289,Lower Middle Income,1,0,7,1
SEN,2022,19.7,-0.57,Senegal,SN,1574.028106,17651103,69.38639167,10.5411242,79.59982165,1,0,86.58428571,67.18121915,1574.028106,86.58428571,67.18121915,1,NA,287.079601,13.83,595.0314286,0,1431.181289,Lower Middle Income,1,1,7,1
SEN,2023,16.95,-2.75,Senegal,SN,1698.033873,18077573,69.03099579,15.60446,71.39302491,1,0,86.58428571,67.18121915,1698.033873,86.58428571,67.18121915,1,NA,287.079601,11.83,595.0314286,0,1431.181289,Lower Middle Income,1,1,7,1
SEN,2024,19.78,2.83,Senegal,SN,1773.218299,18501984,NA,6.14613936,68.14051477,1,0,86.58428571,67.18121915,1773.218299,86.58428571,67.18121915,1,NA,287.079601,14.28,595.0314286,0,1431.181289,Lower Middle Income,1,1,7,1
SLB,2015,0,NA,Solomon Islands,SB,2045.477215,639415,NA,2.463683112,88.18848591,0,0,100,NA,0,0,NA,NA,NA,NA,0,695.2385714,0,2223.658909,Lower Middle Income,1,0,8,1
SLB,2016,0,0,Solomon Islands,SB,2082.623831,662379,NA,2.707067335,85.54984578,0,0,100,NA,0,0,NA,NA,NA,NA,0,695.2385714,0,2223.658909,Lower Middle Income,1,0,8,1
SLB,2017,0,0,Solomon Islands,SB,2143.576705,685672,NA,2.917693022,82.1974922,0,0,100,NA,0,0,NA,NA,NA,NA,0,695.2385714,0,2223.658909,Lower Middle Income,1,0,8,1
SLB,2018,0,0,Solomon Islands,SB,2278.199086,709101,NA,1.547072445,88.49496147,0,0,100,NA,0,0,NA,NA,NA,NA,0,695.2385714,0,2223.658909,Lower Middle Income,1,0,8,1
SLB,2019,0,0,Solomon Islands,SB,2223.658909,728147,NA,2.024956385,82.9985659,0,0,100,NA,0,0,NA,NA,NA,NA,0,695.2385714,0,2223.658909,Lower Middle Income,1,0,8,1
SLB,2020,0,0,Solomon Islands,SB,2063.32781,744498,NA,0.584583886,60.22043656,0,1,100,NA,0,0,NA,NA,NA,NA,0,695.2385714,0,2223.658909,Lower Middle Income,1,0,8,1
SLB,2021,0,0,Solomon Islands,SB,2043.444132,762591,NA,1.791622626,67.42005678,0,1,100,NA,0,0,NA,NA,NA,NA,0,695.2385714,0,2223.658909,Lower Middle Income,1,0,8,1
SLB,2022,9.09,9.09,Solomon Islands,SB,1877.781045,781066,NA,2.776275978,74.83554053,1,0,100,NA,1877.781045,100,NA,NA,NA,NA,9.09,695.2385714,0,2223.658909,Lower Middle Income,1,1,8,1
SLB,2023,9.09,0,Solomon Islands,SB,1882.643941,800005,NA,5.238307508,101.1345318,1,0,100,NA,1882.643941,100,NA,NA,NA,NA,9.09,695.2385714,0,2223.658909,Lower Middle Income,1,1,8,1
SLB,2024,9.09,0,Solomon Islands,SB,1933.555384,819198,NA,2.081281261,111.3529721,1,0,100,NA,1933.555384,100,NA,NA,NA,NA,9.09,695.2385714,0,2223.658909,Lower Middle Income,1,1,8,1
SLE,2015,75,NA,Sierra Leone,SL,964.5759809,7037655,NA,3.718660924,36.48239582,0,0,21.50857143,NA,0,0,NA,NA,NA,NA,0,151.2414286,1,843.7125178,Low Income,0,0,7,1
SLE,2016,61.9,-13.1,Sierra Leone,SL,844.4164112,7205328,NA,2.276636644,43.0672127,0,0,21.50857143,NA,0,0,NA,NA,NA,NA,0,151.2414286,1,843.7125178,Low Income,0,0,7,1
SLE,2017,60.87,-1.03,Sierra Leone,SL,779.1860078,7379299,NA,7.195402496,41.52137823,0,0,21.50857143,NA,0,0,NA,NA,NA,NA,4.35,151.2414286,1,843.7125178,Low Income,0,0,7,1
SLE,2018,66.66,5.79,Sierra Leone,SL,845.9145405,7554563,NA,2.905028802,37.37746041,0,0,21.50857143,NA,0,0,NA,NA,NA,NA,3.7,151.2414286,1,843.7125178,Low Income,0,0,7,1
SLE,2019,95,28.34,Sierra Leone,SL,843.7125178,7731991,NA,1.866800734,37.56195303,0,0,21.50857143,NA,0,0,NA,NA,NA,NA,5,151.2414286,1,843.7125178,Low Income,0,0,7,1
SLE,2020,95,0,Sierra Leone,SL,845.2775579,7912558,NA,0.762524726,30.61310095,0,1,21.50857143,NA,0,0,NA,NA,NA,NA,5,151.2414286,1,843.7125178,Low Income,0,0,7,1
SLE,2021,95,0,Sierra Leone,SL,885.3964019,8094602,NA,2.985936177,42.14351613,0,1,21.50857143,NA,0,0,NA,NA,NA,NA,5,151.2414286,1,843.7125178,Low Income,0,0,7,1
SLE,2022,95,0,Sierra Leone,SL,860.3710679,8276807,NA,2.036195044,45.05421274,1,0,21.50857143,NA,860.3710679,21.50857143,NA,NA,NA,NA,5,151.2414286,1,843.7125178,Low Income,0,0,7,1
SLE,2023,95.23,0.23,Sierra Leone,SL,758.3291374,8460512,NA,2.274214247,55.28679694,1,0,21.50857143,NA,758.3291374,21.50857143,NA,NA,NA,NA,9.52,151.2414286,1,843.7125178,Low Income,0,0,7,1
SLE,2024,95.23,0,Sierra Leone,SL,806.6546504,8642022,NA,1.746996284,40.54544505,1,0,21.50857143,NA,806.6546504,21.50857143,NA,NA,NA,NA,9.52,151.2414286,1,843.7125178,Low Income,0,0,7,1
SLV,2015,58.31,NA,El Salvador,SV,3790.340891,6183676,58.3988682,2.109978045,76.56027074,0,0,26.75428571,56.98699962,0,0,0,1,674.3539967,693.9194059,0.16,222.6428571,0,4320.116715,Lower Middle Income,0,0,8,1
SLV,2016,59.41,1.1,El Salvador,SV,3901.34015,6200800,58.37627204,1.981980316,72.81909337,0,0,26.75428571,56.98699962,0,0,0,1,686.997805,693.9194059,0.32,222.6428571,0,4320.116715,Lower Middle Income,0,0,8,1
SLV,2017,74.77,15.36,El Salvador,SV,4020.126714,6213533,54.94692701,2.016884515,74.30465119,0,0,26.75428571,56.98699962,0,0,0,1,674.6654416,693.9194059,2.88,222.6428571,0,4320.116715,Lower Middle Income,0,0,8,1
SLV,2018,77.94,3.17,El Salvador,SV,4183.54621,6219807,57.45191377,1.586204787,75.63361689,0,0,26.75428571,56.98699962,0,0,0,1,694.5677552,693.9194059,5.7,222.6428571,0,4320.116715,Lower Middle Income,0,0,8,1
SLV,2019,71.47,-6.47,El Salvador,SV,4320.116715,6222318,61.32279499,2.59024369,76.0420131,0,0,26.75428571,56.98699962,0,0,0,1,734.7993698,693.9194059,9.4,222.6428571,0,4320.116715,Lower Middle Income,0,0,8,1
SLV,2020,84.76,13.29,El Salvador,SV,3997.192796,6234673,51.47910722,1.551019986,66.45950695,0,1,26.75428571,56.98699962,0,0,0,1,669.9068941,693.9194059,15.56,222.6428571,0,4320.116715,Lower Middle Income,0,0,8,1
SLV,2021,86.03,1.27,El Salvador,SV,4642.607431,6255782,56.9331141,2.756049983,81.84507598,0,1,26.75428571,56.98699962,0,0,0,1,722.1445789,693.9194059,25.67,222.6428571,0,4320.116715,Lower Middle Income,0,0,8,1
SLV,2022,90.8,4.77,El Salvador,SV,5074.602102,6280319,59.50544476,0.082318757,88.70110938,1,0,26.75428571,56.98699962,5074.602102,26.75428571,56.98699962,1,NA,693.9194059,20.81,222.6428571,0,4320.116715,Lower Middle Income,0,0,8,1
SLV,2023,87.8,-3,El Salvador,SV,5365.444914,6309624,NA,1.899288275,81.71477234,1,0,26.75428571,56.98699962,5365.444914,26.75428571,56.98699962,1,NA,693.9194059,22.91,222.6428571,0,4320.116715,Lower Middle Income,0,0,8,1
SLV,2024,90.81,3.01,El Salvador,SV,5579.659692,6338193,NA,2.612418578,84.65964616,1,0,26.75428571,56.98699962,5579.659692,26.75428571,56.98699962,1,NA,693.9194059,21.28,222.6428571,0,4320.116715,Lower Middle Income,0,0,8,1
SOM,2015,0,NA,"Somalia, Fed. Rep.",SO,445.5830801,13806963,NA,4.925108203,76.47933224,0,0,94.62142857,NA,0,0,NA,NA,NA,NA,0,619.2057143,0,539.9548162,Low Income,1,0,NA,NA
SOM,2016,2.78,2.78,"Somalia, Fed. Rep.",SO,460.9284906,14348740,NA,4.989610218,74.36156255,0,0,94.62142857,NA,0,0,NA,NA,NA,NA,2.78,619.2057143,0,539.9548162,Low Income,1,0,NA,NA
SOM,2017,5.4,2.62,"Somalia, Fed. Rep.",SO,510.9399523,14916629,NA,4.841565534,68.67564909,0,0,94.62142857,NA,0,0,NA,NA,NA,NA,5.4,619.2057143,0,539.9548162,Low Income,1,0,NA,NA
SOM,2018,5.4,0,"Somalia, Fed. Rep.",SO,509.4972738,15452487,NA,5.182268513,73.82192303,0,0,94.62142857,NA,0,0,NA,NA,NA,NA,5.4,619.2057143,0,539.9548162,Low Income,1,0,NA,NA
SOM,2019,5.4,0,"Somalia, Fed. Rep.",SO,539.9548162,16030971,NA,5.164048059,70.29805915,0,0,94.62142857,NA,0,0,NA,NA,NA,NA,5.4,619.2057143,0,539.9548162,Low Income,1,0,NA,NA
SOM,2020,8.11,2.71,"Somalia, Fed. Rep.",SO,518.1611333,16651191,NA,6.189151599,75.69541029,0,1,94.62142857,NA,0,0,NA,NA,NA,NA,8.11,619.2057143,0,539.9548162,Low Income,1,0,NA,NA
SOM,2021,10.52,2.41,"Somalia, Fed. Rep.",SO,549.0569948,17271431,NA,6.33765686,79.09944111,0,1,94.62142857,NA,0,0,NA,NA,NA,NA,10.52,619.2057143,0,539.9548162,Low Income,1,0,NA,NA
SOM,2022,19.05,8.53,"Somalia, Fed. Rep.",SO,573.1411658,17801897,NA,6.233460747,90.75762031,1,0,94.62142857,NA,573.1411658,94.62142857,NA,NA,NA,NA,19.05,619.2057143,0,539.9548162,Low Income,1,1,NA,NA
SOM,2023,19.05,0,"Somalia, Fed. Rep.",SO,596.8859851,18358615,NA,6.17357182,103.1210075,1,0,94.62142857,NA,596.8859851,94.62142857,NA,NA,NA,NA,19.05,619.2057143,0,539.9548162,Low Income,1,1,NA,NA
SOM,2024,20.93,1.88,"Somalia, Fed. Rep.",SO,629.5388994,19009151,NA,6.392579594,130.3250606,1,0,94.62142857,NA,629.5388994,94.62142857,NA,NA,NA,NA,20.93,619.2057143,0,539.9548162,Low Income,1,1,NA,NA
SRB,2015,26.9,NA,Serbia,RS,5820.321558,7095383,27.84170334,5.673817558,93.52814777,0,0,71.48857143,32.59227842,0,0,0,1,2080.590601,2217.16991,0.03,722.9485714,0,7755.632986,Upper Middle Income,1,0,8,1
SRB,2016,28.14,1.24,Serbia,RS,5982.370301,7058322,30.06277693,5.577707464,97.69069404,0,0,71.48857143,32.59227842,0,0,0,1,2165.838893,2217.16991,0.11,722.9485714,0,7755.632986,Upper Middle Income,1,0,8,1
SRB,2017,25.5,-2.64,Serbia,RS,6548.036538,7020858,34.13927771,6.296361717,102.7404452,0,0,71.48857143,32.59227842,0,0,0,1,2224.785153,2217.16991,0.17,722.9485714,0,7755.632986,Upper Middle Income,1,0,8,1
SRB,2018,29.73,4.23,Serbia,RS,7559.861657,6982604,35.06403869,7.71374569,105.563713,0,0,71.48857143,32.59227842,0,0,0,1,2200.404103,2217.16991,0.44,722.9485714,0,7755.632986,Upper Middle Income,1,0,8,1
SRB,2019,28.51,-1.22,Serbia,RS,7755.632986,6945235,35.95934542,7.924874271,107.5773095,0,0,71.48857143,32.59227842,0,0,0,1,2201.720121,2217.16991,2.47,722.9485714,0,7755.632986,Upper Middle Income,1,0,8,1
SRB,2020,27.33,-1.18,Serbia,RS,8098.709557,6899126,30.07506757,6.23865408,100.3244608,0,1,71.48857143,32.59227842,0,0,0,1,2291.608187,2217.16991,2.67,722.9485714,0,7755.632986,Upper Middle Income,1,0,8,1
SRB,2021,33.51,6.18,Serbia,RS,9680.527981,6834326,35.00373927,6.953120891,112.3422983,0,1,71.48857143,32.59227842,0,0,0,1,2355.242308,2217.16991,2.91,722.9485714,0,7755.632986,Upper Middle Income,1,0,8,1
SRB,2022,28.19,-5.32,Serbia,RS,10024.81911,6664449,45.30746665,6.903541404,131.9132923,1,0,71.48857143,32.59227842,10024.81911,71.48857143,32.59227842,1,NA,2217.16991,2.79,722.9485714,0,7755.632986,Upper Middle Income,1,1,8,1
SRB,2023,34.97,6.78,Serbia,RS,12281.70795,6623183,42.55149437,6.069952321,114.4920646,1,0,71.48857143,32.59227842,12281.70795,71.48857143,32.59227842,1,NA,2217.16991,2.85,722.9485714,0,7755.632986,Upper Middle Income,1,1,8,1
SRB,2024,32.06,-2.91,Serbia,RS,13679.2066,6586476,NA,6.201703325,111.7250284,1,0,71.48857143,32.59227842,13679.2066,71.48857143,32.59227842,1,NA,2217.16991,3.81,722.9485714,0,7755.632986,Upper Middle Income,1,1,8,1
SSD,2015,0,NA,South Sudan,SS,1080.147186,11107561,-801.6945336,0.001250229,65.55134918,0,0,99.49428571,-912.2807841,0,0,0,0,76.39156178,73.5088636,0,655.5557143,0,NA,NA,1,0,0,0
SSD,2016,0,0,South Sudan,SS,NA,10830102,-827.1000685,NA,NA,0,0,99.49428571,-912.2807841,NA,0,0,0,70.83268937,73.5088636,0,655.5557143,0,NA,NA,1,0,0,0
SSD,2017,0,0,South Sudan,SS,NA,10259154,-962.5336748,NA,NA,0,0,99.49428571,-912.2807841,NA,0,0,0,69.99972487,73.5088636,0,655.5557143,0,NA,NA,1,0,0,0
SSD,2018,0,0,South Sudan,SS,NA,10122977,-859.4534644,NA,NA,0,0,99.49428571,-912.2807841,NA,0,0,0,76.5379793,73.5088636,0,655.5557143,0,NA,NA,1,0,0,0
SSD,2019,0,0,South Sudan,SS,NA,10423384,-1023.893698,NA,NA,0,0,99.49428571,-912.2807841,NA,0,0,0,75.6565715,73.5088636,0,655.5557143,0,NA,NA,1,0,0,0
SSD,2020,1.79,1.79,South Sudan,SS,NA,10698467,-1010.198458,NA,NA,0,1,99.49428571,-912.2807841,NA,0,0,0,72.07928592,73.5088636,1.79,655.5557143,0,NA,NA,1,0,0,0
SSD,2021,1.75,-0.04,South Sudan,SS,NA,10865780,-901.0915908,NA,NA,0,1,99.49428571,-912.2807841,NA,0,0,0,73.06423246,73.5088636,1.75,655.5557143,0,NA,NA,1,0,0,0
SSD,2022,1.96,0.21,South Sudan,SS,NA,11021177,-859.5028093,NA,NA,1,0,99.49428571,-912.2807841,NA,99.49428571,-912.2807841,0,NA,73.5088636,1.96,655.5557143,0,NA,NA,1,1,0,0
SSD,2023,1.79,-0.17,South Sudan,SS,NA,11483374,NA,NA,NA,1,0,99.49428571,-912.2807841,NA,99.49428571,-912.2807841,0,NA,73.5088636,1.79,655.5557143,0,NA,NA,1,1,0,0
SSD,2024,1.79,0,South Sudan,SS,NA,11943408,NA,NA,NA,1,0,99.49428571,-912.2807841,NA,99.49428571,-912.2807841,0,NA,73.5088636,1.79,655.5557143,0,NA,NA,1,1,0,0
STP,2015,10,NA,Sao Tome and Principe,ST,1298.109466,200291,NA,10.74003749,NA,0,0,93.37714286,NA,0,0,NA,NA,NA,NA,0,649.3485714,0,1935.293182,Lower Middle Income,1,0,NA,NA
STP,2016,9.09,-0.91,Sao Tome and Principe,ST,1434.870181,203689,NA,7.982791554,NA,0,0,93.37714286,NA,0,0,NA,NA,NA,NA,0,649.3485714,0,1935.293182,Lower Middle Income,1,0,NA,NA
STP,2017,0,-9.09,Sao Tome and Principe,ST,1555.794778,206970,NA,10.62366049,NA,0,0,93.37714286,NA,0,0,NA,NA,NA,NA,0,649.3485714,0,1935.293182,Lower Middle Income,1,0,NA,NA
STP,2018,0,0,Sao Tome and Principe,ST,1825.599718,210187,NA,6.175984186,NA,0,0,93.37714286,NA,0,0,NA,NA,NA,NA,0,649.3485714,0,1935.293182,Lower Middle Income,1,0,NA,NA
STP,2019,9.09,9.09,Sao Tome and Principe,ST,1935.293182,213392,NA,5.857917814,NA,0,0,93.37714286,NA,0,0,NA,NA,NA,NA,0,649.3485714,0,1935.293182,Lower Middle Income,1,0,NA,NA
STP,2020,9.09,0,Sao Tome and Principe,ST,2167.220018,217435,NA,9.997715829,NA,0,1,93.37714286,NA,0,0,NA,NA,NA,NA,0,649.3485714,0,1935.293182,Lower Middle Income,1,0,NA,NA
STP,2021,9.09,0,Sao Tome and Principe,ST,2362.588272,221961,NA,11.2509261,NA,0,1,93.37714286,NA,0,0,NA,NA,NA,NA,0,649.3485714,0,1935.293182,Lower Middle Income,1,0,NA,NA
STP,2022,11.11,2.02,Sao Tome and Principe,ST,2389.737298,226305,NA,10.28199164,NA,1,0,93.37714286,NA,2389.737298,93.37714286,NA,NA,NA,NA,0,649.3485714,0,1935.293182,Lower Middle Income,1,1,NA,NA
STP,2023,11.11,0,Sao Tome and Principe,ST,2990.660614,230871,NA,-3.73659885,NA,1,0,93.37714286,NA,2990.660614,93.37714286,NA,NA,NA,NA,0,649.3485714,0,1935.293182,Lower Middle Income,1,1,NA,NA
SUR,2015,26.35,NA,Suriname,SR,8813.617054,581627,4.530070294,3.582858724,NA,0,0,54.34857143,9.850411093,0,0,0,1,1577.311729,1651.731241,0.54,366.3157143,0,6629.667752,Upper Middle Income,0,0,5,1
SUR,2016,43.96,17.61,Suriname,SR,5644.206106,587757,13.79204965,6.983340384,NA,0,0,54.34857143,9.850411093,0,0,0,1,1728.650717,1651.731241,0.55,366.3157143,0,6629.667752,Upper Middle Income,0,0,5,1
SUR,2017,51.93,7.97,Suriname,SR,6049.521286,593713,7.642264264,2.674947934,NA,0,0,54.34857143,9.850411093,0,0,0,1,1613.954643,1651.731241,0.55,366.3157143,0,6629.667752,Upper Middle Income,0,0,5,1
SUR,2018,53.17,1.24,Suriname,SR,6665.741805,599513,1.62601626,3.277133363,NA,0,0,54.34857143,9.850411093,0,0,0,1,1523.998993,1651.731241,0.53,366.3157143,0,6629.667752,Upper Middle Income,0,0,5,1
SUR,2019,47.55,-5.62,Suriname,SR,6629.667752,605768,13.96874573,2.095605417,NA,0,0,54.34857143,9.850411093,0,0,0,1,1730.837081,1651.731241,0.49,366.3157143,0,6629.667752,Upper Middle Income,0,0,5,1
SUR,2020,48.3,0.75,Suriname,SR,4755.392217,612317,12.90747372,0.035713202,NA,0,1,54.34857143,9.850411093,0,0,0,1,1688.413785,1651.731241,0.49,366.3157143,0,6629.667752,Upper Middle Income,0,0,5,1
SUR,2021,48.33,0.03,Suriname,SR,5029.848385,617896,14.48625774,-4.269913027,NA,0,1,54.34857143,9.850411093,0,0,0,1,1698.951741,1651.731241,0.48,366.3157143,0,6629.667752,Upper Middle Income,0,0,5,1
SUR,2022,44.54,-3.79,Suriname,SR,6084.438767,623164,17.10053563,-0.245419019,NA,1,0,54.34857143,9.850411093,6084.438767,54.34857143,9.850411093,1,NA,1651.731241,0.47,366.3157143,0,6629.667752,Upper Middle Income,0,0,5,1
SUR,2023,53.18,8.64,Suriname,SR,5521.976021,628886,12.30452122,-1.528965962,NA,1,0,54.34857143,9.850411093,5521.976021,54.34857143,9.850411093,1,NA,1651.731241,0.58,366.3157143,0,6629.667752,Upper Middle Income,0,0,5,1
SUR,2024,52.86,-0.32,Suriname,SR,6961.78956,634431,NA,-0.850285319,NA,1,0,54.34857143,9.850411093,6961.78956,54.34857143,9.850411093,1,NA,1651.731241,0.57,366.3157143,0,6629.667752,Upper Middle Income,0,0,5,1
SWZ,2015,94.74,NA,Eswatini,SZ,3419.822766,1142813,23.27067894,0.805945192,88.2620944,0,0,5.497142857,27.37823681,0,0,0,1,1046.22425,1008.721684,0,170.4914286,1,3913.145775,Lower Middle Income,0,0,NA,NA
SWZ,2016,91.66,-3.08,Eswatini,SZ,3238.17612,1149507,25.70792109,0.721382842,89.35848744,0,0,5.497142857,27.37823681,0,0,0,1,1035.269624,1008.721684,0,170.4914286,1,3913.145775,Lower Middle Income,0,0,NA,NA
SWZ,2017,95.35,3.69,Eswatini,SZ,3853.099566,1158195,29.76289001,-1.291782106,86.88014203,0,0,5.497142857,27.37823681,0,0,0,1,996.6322158,1008.721684,0,170.4914286,1,3913.145775,Lower Middle Income,0,0,NA,NA
SWZ,2018,95.92,0.57,Eswatini,SZ,3972.654506,1168929,29.10895994,0.67038104,85.49277682,0,0,5.497142857,27.37823681,0,0,0,1,989.871024,1008.721684,0,170.4914286,1,3913.145775,Lower Middle Income,0,0,NA,NA
SWZ,2019,91.84,-4.08,Eswatini,SZ,3913.145775,1179874,31.47877013,2.771721821,86.64079485,0,0,5.497142857,27.37823681,0,0,0,1,1023.138853,1008.721684,0,170.4914286,1,3913.145775,Lower Middle Income,0,0,NA,NA
SWZ,2020,95.92,4.08,Eswatini,SZ,3466.569363,1192729,26.88035224,0.938105324,84.01401884,0,1,5.497142857,27.37823681,0,0,0,1,1005.223007,1008.721684,0,170.4914286,1,3913.145775,Lower Middle Income,0,0,NA,NA
SWZ,2021,96.08,0.16,Eswatini,SZ,3984.002292,1206593,25.43808533,2.347902261,89.93138749,0,1,5.497142857,27.37823681,0,0,0,1,964.6928108,1008.721684,5.88,170.4914286,1,3913.145775,Lower Middle Income,0,0,NA,NA
SWZ,2022,96.36,0.28,Eswatini,SZ,3894.162009,1218917,20.55295584,0.28125561,92.57158713,1,0,5.497142857,27.37823681,3894.162009,5.497142857,27.37823681,1,NA,1008.721684,5.45,170.4914286,1,3913.145775,Lower Middle Income,0,0,NA,NA
SWZ,2023,96.98,0.62,Eswatini,SZ,3755.521112,1230506,NA,0.608772714,99.72461108,1,0,5.497142857,27.37823681,3755.521112,5.497142857,27.37823681,1,NA,1008.721684,4.55,170.4914286,1,3913.145775,Lower Middle Income,0,0,NA,NA
SWZ,2024,96.73,-0.25,Eswatini,SZ,3909.558924,1242822,NA,1.554489063,107.4806211,1,0,5.497142857,27.37823681,3909.558924,5.497142857,27.37823681,1,NA,1008.721684,4.92,170.4914286,1,3913.145775,Lower Middle Income,0,0,NA,NA
SYR,2015,2.45,NA,Syrian Arab Republic,SY,847.7316319,19424618,59.68370604,NA,51.08620782,0,0,96.19714286,62.1349285,0,0,0,1,511.0308358,491.4998282,0,703.86,0,1109.53926,Low Income,1,0,NA,NA
SYR,2016,5.29,2.84,Syrian Arab Republic,SY,656.3490586,19193834,61.74323915,NA,67.11193653,0,0,96.19714286,62.1349285,0,0,0,1,498.9102628,491.4998282,0,703.86,0,1109.53926,Low Income,1,0,NA,NA
SYR,2017,4.23,-1.06,Syrian Arab Republic,SY,851.5020053,19224668,66.51536109,NA,61.05085217,0,0,96.19714286,62.1349285,0,0,0,1,511.8012411,491.4998282,0,703.86,0,1109.53926,Low Income,1,0,NA,NA
SYR,2018,3.49,-0.74,Syrian Arab Republic,SY,1098.066864,19577845,65.50850874,NA,50.65909911,0,0,96.19714286,62.1349285,0,0,0,1,542.0763876,491.4998282,0,703.86,0,1109.53926,Low Income,1,0,NA,NA
SYR,2019,3.49,0,Syrian Arab Republic,SY,1109.53926,20353534,63.09875688,NA,41.99947112,0,0,96.19714286,62.1349285,0,0,0,1,501.0433691,491.4998282,0,703.86,0,1109.53926,Low Income,1,0,NA,NA
SYR,2020,3.81,0.32,Syrian Arab Republic,SY,572.3552898,21049429,60.11877458,NA,44.8183353,0,1,96.19714286,62.1349285,0,0,0,1,456.6301425,491.4998282,0.1,703.86,0,1109.53926,Low Income,1,0,NA,NA
SYR,2021,3.87,0.06,Syrian Arab Republic,SY,663.6142457,21628839,58.27615299,NA,61.2204851,0,1,96.19714286,62.1349285,0,0,0,1,419.0065585,491.4998282,0.28,703.86,0,1109.53926,Low Income,1,0,NA,NA
SYR,2022,4.39,0.52,Syrian Arab Republic,SY,1051.671496,22462173,61.27150186,NA,35.60946808,1,0,96.19714286,62.1349285,1051.671496,96.19714286,62.1349285,1,NA,491.4998282,0.5,703.86,0,1109.53926,Low Income,1,1,NA,NA
SYR,2023,3.52,-0.87,Syrian Arab Republic,SY,NA,23594623,NA,NA,NA,1,0,96.19714286,62.1349285,NA,96.19714286,62.1349285,1,NA,491.4998282,0.4,703.86,0,1109.53926,Low Income,1,1,NA,NA
SYR,2024,3.53,0.01,Syrian Arab Republic,SY,NA,24672760,NA,NA,NA,1,0,96.19714286,62.1349285,NA,96.19714286,62.1349285,1,NA,491.4998282,0.4,703.86,0,1109.53926,Low Income,1,1,NA,NA
TCD,2015,3.33,NA,Chad,TD,993.9907306,14647621,NA,3.843800923,48.51149821,0,0,94.57428571,-182.804043,0,0,0,0,217.0458996,203.6231585,0,624.8471429,0,893.3364416,Low Income,1,0,-1,0
TCD,2016,6.46,3.13,Chad,TD,861.8317676,15114655,NA,1.878371532,43.95801493,0,0,94.57428571,-182.804043,0,0,0,0,212.8502893,203.6231585,3.23,624.8471429,0,893.3364416,Low Income,1,0,-1,0
TCD,2017,6.26,-0.2,Chad,TD,854.4612004,15622759,-157.6618517,2.722155313,43.29006139,0,0,94.57428571,-182.804043,0,0,0,0,203.8744684,203.6231585,3.13,624.8471429,0,893.3364416,Low Income,1,0,-1,0
TCD,2018,5.88,-0.38,Chad,TD,948.6566299,16156531,-171.727077,3.007049667,46.73843179,0,0,94.57428571,-182.804043,0,0,0,0,199.975862,203.6231585,2.94,624.8471429,0,893.3364416,Low Income,1,0,-1,0
TCD,2019,5.72,-0.16,Chad,TD,893.3364416,16685223,-204.9915404,3.801538194,46.67772472,0,0,94.57428571,-182.804043,0,0,0,0,190.1007561,203.6231585,2.86,624.8471429,0,893.3364416,Low Income,1,0,-1,0
TCD,2020,5.72,0,Chad,TD,866.9478149,17224679,-203.0091661,3.734656908,40.64281706,0,1,94.57428571,-182.804043,0,0,0,0,198.3033346,203.6231585,2.86,624.8471429,0,893.3364416,Low Income,1,0,-1,0
TCD,2021,4.66,-1.06,Chad,TD,946.3585002,17828273,-176.6305797,4.17913326,43.9465041,0,1,94.57428571,-182.804043,0,0,0,0,203.2115,203.6231585,2.33,624.8471429,0,893.3364416,Low Income,1,0,-1,0
TCD,2022,5.12,0.46,Chad,TD,966.0364683,18455316,-177.7626407,3.444026275,47.98837843,1,0,94.57428571,-182.804043,966.0364683,94.57428571,-182.804043,0,NA,203.6231585,2.56,624.8471429,0,893.3364416,Low Income,1,1,-1,0
TCD,2023,5.56,0.44,Chad,TD,949.3334537,19319064,NA,4.979940455,46.89510151,1,0,94.57428571,-182.804043,949.3334537,94.57428571,-182.804043,0,NA,203.6231585,2.78,624.8471429,0,893.3364416,Low Income,1,1,-1,0
TCD,2024,5.4,-0.16,Chad,TD,961.5597556,20299123,NA,5.223094547,47.8679893,1,0,94.57428571,-182.804043,961.5597556,94.57428571,-182.804043,0,NA,203.6231585,2.7,624.8471429,0,893.3364416,Low Income,1,1,-1,0
TGO,2015,13.64,NA,Togo,TG,751.0519876,7663195,NA,4.480269751,69.12813788,0,0,77.93714286,16.59129798,0,0,0,1,400.7073271,414.2603775,0,479.6428571,0,826.255209,Low Income,0,0,-2,0
TGO,2016,21.28,7.64,Togo,TG,772.5813576,7858289,NA,-0.76275825,66.44504098,0,0,77.93714286,16.59129798,0,0,0,1,422.7854571,414.2603775,0,479.6428571,0,826.255209,Low Income,0,0,-2,0
TGO,2017,25.93,4.65,Togo,TG,792.765701,8057140,15.14219662,1.38645401,58.20886025,0,0,77.93714286,16.59129798,0,0,0,1,403.8936362,414.2603775,0,479.6428571,0,826.255209,Low Income,0,0,-2,0
TGO,2018,35,9.07,Togo,TG,851.1205612,8258778,18.04039935,-2.574579026,57.57373885,0,0,77.93714286,16.59129798,0,0,0,1,411.0550335,414.2603775,1.67,479.6428571,0,826.255209,Low Income,0,0,-2,0
TGO,2019,21.31,-13.69,Togo,TG,826.255209,8463068,NA,4.943724457,56.34217403,0,0,77.93714286,16.59129798,0,0,0,1,414.1034718,414.2603775,1.64,479.6428571,0,826.255209,Low Income,0,0,-2,0
TGO,2020,14.75,-6.56,Togo,TG,863.4686659,8669720,NA,-0.79089728,55.0659514,0,1,77.93714286,16.59129798,0,0,0,1,424.7930191,414.2603775,1.64,479.6428571,0,826.255209,Low Income,0,0,-2,0
TGO,2021,22.54,7.79,Togo,TG,962.0751875,8878379,NA,-1.594788017,56.37755808,0,1,77.93714286,16.59129798,0,0,0,1,422.4846977,414.2603775,9.86,479.6428571,0,826.255209,Low Income,0,0,-2,0
TGO,2022,20,-2.54,Togo,TG,951.2323787,9089738,NA,-2.004298271,61.5750924,1,0,77.93714286,16.59129798,951.2323787,77.93714286,16.59129798,1,NA,414.2603775,11.11,479.6428571,0,826.255209,Low Income,0,0,-2,0
TGO,2023,26.76,6.76,Togo,TG,1055.017279,9304337,NA,0.812296154,NA,1,0,77.93714286,16.59129798,1055.017279,77.93714286,16.59129798,1,NA,414.2603775,15.49,479.6428571,0,826.255209,Low Income,0,0,-2,0
TGO,2024,29.58,2.82,Togo,TG,1119.381605,9515236,NA,0.786342441,NA,1,0,77.93714286,16.59129798,1119.381605,77.93714286,16.59129798,1,NA,414.2603775,18.31,479.6428571,0,826.255209,Low Income,0,0,-2,0
THA,2015,7.77,NA,Thailand,TH,5688.853354,70540795,46.31939625,2.22468549,124.8396622,0,0,87.68142857,49.16579592,0,0,0,1,1932.67391,1939.985587,1.53,577.5085714,0,7605.696578,Upper Middle Income,1,0,-3,0
THA,2016,8.93,1.16,Thailand,TH,5833.577156,70859841,45.71493389,0.843364341,120.5752273,0,0,87.68142857,49.16579592,0,0,0,1,1985.005309,1939.985587,2.18,577.5085714,0,7605.696578,Upper Middle Income,1,0,-3,0
THA,2017,11.11,2.18,Thailand,TH,6413.091825,71160187,47.6577863,1.815502601,120.8914274,0,0,87.68142857,49.16579592,0,0,0,1,1988.137815,1939.985587,3.2,577.5085714,0,7605.696578,Upper Middle Income,1,0,-3,0
THA,2018,14.35,3.24,Thailand,TH,7099.776501,71376079,51.10077811,2.712798351,120.8418647,0,0,87.68142857,49.16579592,0,0,0,1,1951.855636,1939.985587,3.47,577.5085714,0,7605.696578,Upper Middle Income,1,0,-3,0
THA,2019,14.86,0.51,Thailand,TH,7605.696578,71522271,48.63121178,1.017348776,109.6895147,0,0,87.68142857,49.16579592,0,0,0,1,1989.812342,1939.985587,4.73,577.5085714,0,7605.696578,Upper Middle Income,1,0,-3,0
THA,2020,14.2,-0.66,Thailand,TH,6985.643939,71641484,51.23900339,-0.857989527,97.80074325,0,1,87.68142857,49.16579592,0,0,0,1,1884.350737,1939.985587,4.67,577.5085714,0,7605.696578,Upper Middle Income,1,0,-3,0
THA,2021,15,0.8,Thailand,TH,7057.207548,71727332,53.49746175,3.040252821,117.2529446,0,1,87.68142857,49.16579592,0,0,0,1,1848.063361,1939.985587,4.83,577.5085714,0,7605.696578,Upper Middle Income,1,0,-3,0
THA,2022,15.79,0.79,Thailand,TH,6909.352818,71735329,57.12451857,2.391798418,132.8587121,1,0,87.68142857,49.16579592,6909.352818,87.68142857,49.16579592,1,NA,1939.985587,4.45,577.5085714,0,7605.696578,Upper Middle Income,1,1,-3,0
THA,2023,15.62,-0.17,Thailand,TH,7195.101309,71702435,57.51425663,2.001834005,128.8241142,1,0,87.68142857,49.16579592,7195.101309,87.68142857,49.16579592,1,NA,1939.985587,4.66,577.5085714,0,7605.696578,Upper Middle Income,1,1,-3,0
THA,2024,14.83,-0.79,Thailand,TH,7346.620221,71668011,NA,2.716368313,136.747107,1,0,87.68142857,49.16579592,7346.620221,87.68142857,49.16579592,1,NA,1939.985587,4.41,577.5085714,0,7605.696578,Upper Middle Income,1,1,-3,0
TJK,2015,99.07,NA,Tajikistan,TJ,956.9163109,8643840,31.02733728,5.488920761,49.93781607,0,0,6.444285714,28.68109214,0,0,0,1,318.6982774,347.9537177,0,81.40428571,1,871.0223729,Low Income,0,0,-3,0
TJK,2016,96.46,-2.61,Tajikistan,TJ,788.7104817,8865631,29.66143642,3.455404596,55.72464469,0,0,6.444285714,28.68109214,0,0,0,1,326.5692188,347.9537177,0,81.40428571,1,871.0223729,Low Income,0,0,-3,0
TJK,2017,94.59,-1.87,Tajikistan,TJ,829.4571476,9085946,24.17807343,2.465726479,53.78610461,0,0,6.444285714,28.68109214,0,0,0,1,328.7817689,347.9537177,0,81.40428571,1,871.0223729,Low Income,0,0,-3,0
TJK,2018,93.16,-1.43,Tajikistan,TJ,834.2884046,9307333,25.22067072,2.844330101,55.84611141,0,0,6.444285714,28.68109214,0,0,0,1,347.7114616,347.9537177,0,81.40428571,1,871.0223729,Low Income,0,0,-3,0
TJK,2019,91.46,-1.7,Tajikistan,TJ,871.0223729,9529966,28.43633611,2.563721353,56.04501591,0,0,6.444285714,28.68109214,0,0,0,1,370.7788757,347.9537177,0,81.40428571,1,871.0223729,Low Income,0,0,-3,0
TJK,2020,90.1,-1.36,Tajikistan,TJ,834.3117155,9749310,31.84787787,1.309752523,55.74910402,0,1,6.444285714,28.68109214,0,0,0,1,375.3673792,347.9537177,0,81.40428571,1,871.0223729,Low Income,0,0,-3,0
TJK,2021,90.06,-0.04,Tajikistan,TJ,896.7480534,9966908,30.39591315,0.940255222,71.82593744,0,1,6.444285714,28.68109214,0,0,0,1,367.7690419,347.9537177,0,81.40428571,1,871.0223729,Low Income,0,0,-3,0
TJK,2022,92.69,2.63,Tajikistan,TJ,1052.179495,10182222,28.04501407,1.624322875,65.43551159,1,0,6.444285714,28.68109214,1052.179495,6.444285714,28.68109214,1,NA,347.9537177,0,81.40428571,1,871.0223729,Low Income,0,0,-3,0
TJK,2023,94.21,1.52,Tajikistan,TJ,1178.479901,10389799,NA,1.148136989,65.63470104,1,0,6.444285714,28.68109214,1178.479901,6.444285714,28.68109214,1,NA,347.9537177,0,81.40428571,1,871.0223729,Low Income,0,0,-3,0
TJK,2024,94.59,0.38,Tajikistan,TJ,1341.20229,10590927,NA,2.050836166,NA,1,0,6.444285714,28.68109214,1341.20229,6.444285714,28.68109214,1,NA,347.9537177,0,81.40428571,1,871.0223729,Low Income,0,0,-3,0
TKM,2015,0,NA,Turkmenistan,TM,5759.497904,6215770,-249.2480574,8.499978452,81.29993057,0,0,99.99428571,-221.2148682,0,0,0,0,3722.78313,3751.928171,0,1306.504286,0,5998.001743,Upper Middle Income,1,0,-8,0
TKM,2016,0,0,Turkmenistan,TM,5686.98041,6360041,-236.063034,6.201812107,62.0460847,0,0,99.99428571,-221.2148682,0,0,0,0,3589.909548,3751.928171,0,1306.504286,0,5998.001743,Upper Middle Income,1,0,-8,0
TKM,2017,0,0,Turkmenistan,TM,5828.481662,6507061,-230.673805,5.499995849,53.57535671,0,0,99.99428571,-221.2148682,0,0,0,0,3558.319019,3751.928171,0,1306.504286,0,5998.001743,Upper Middle Income,1,0,-8,0
TKM,2018,0,0,Turkmenistan,TM,6125.051697,6655524,-246.8053744,3.941183121,50.90027264,0,0,99.99428571,-221.2148682,0,0,0,0,3427.906244,3751.928171,0,1306.504286,0,5998.001743,Upper Middle Income,1,0,-8,0
TKM,2019,0,0,Turkmenistan,TM,5998.001743,6803944,-242.6068169,4.542095179,44.2857594,0,0,99.99428571,-221.2148682,0,0,0,0,3462.254926,3751.928171,0,1306.504286,0,5998.001743,Upper Middle Income,1,0,-8,0
TKM,2020,0,0,Turkmenistan,TM,5972.723566,6949912,-228.3074625,3.459997952,35.93659385,0,1,99.99428571,-221.2148682,0,0,0,0,3393.063714,3751.928171,0,1306.504286,0,5998.001743,Upper Middle Income,1,0,-8,0
TKM,2021,0.04,0.04,Turkmenistan,TM,5723.302272,7092043,-114.7995272,3.17156363,33.05811708,0,1,99.99428571,-221.2148682,0,0,0,0,5109.26062,3751.928171,0,1306.504286,0,5998.001743,Upper Middle Income,1,0,-8,0
TKM,2022,0.03,-0.01,Turkmenistan,TM,5837.842245,7230193,-109.7772114,2.217645012,37.36095096,1,0,99.99428571,-221.2148682,5837.842245,99.99428571,-221.2148682,0,NA,3751.928171,0,1306.504286,0,5998.001743,Upper Middle Income,1,1,-8,0
TKM,2023,0.03,0,Turkmenistan,TM,6231.913238,7364438,NA,3.003215895,34.0992738,1,0,99.99428571,-221.2148682,6231.913238,99.99428571,-221.2148682,0,NA,3751.928171,0,1306.504286,0,5998.001743,Upper Middle Income,1,1,-8,0
TKM,2024,0.03,0,Turkmenistan,TM,6856.658027,7494498,NA,3.200738402,28.73460763,1,0,99.99428571,-221.2148682,6856.658027,99.99428571,-221.2148682,0,NA,3751.928171,0,1306.504286,0,5998.001743,Upper Middle Income,1,1,-8,0
TLS,2015,0,NA,Timor-Leste,TL,1319.59295,1205131,NA,2.703639352,60.07692302,0,0,100,NA,0,0,NA,NA,NA,NA,0,659.1471429,0,1562.364581,Lower Middle Income,1,0,NA,NA
TLS,2016,0,0,Timor-Leste,TL,1335.543911,1228312,NA,0.333972459,60.31062394,0,0,100,NA,0,0,NA,NA,NA,NA,0,659.1471429,0,1562.364581,Lower Middle Income,1,0,NA,NA
TLS,2017,0,0,Timor-Leste,TL,1266.177711,1251703,NA,0.423750951,58.63475348,0,0,100,NA,0,0,NA,NA,NA,NA,0,659.1471429,0,1562.364581,Lower Middle Income,1,0,NA,NA
TLS,2018,0,0,Timor-Leste,TL,1219.465997,1275959,NA,3.080078101,64.81918037,0,0,100,NA,0,0,NA,NA,NA,NA,0,659.1471429,0,1562.364581,Lower Middle Income,1,0,NA,NA
TLS,2019,0,0,Timor-Leste,TL,1562.364581,1300945,NA,-7.794473544,70.61424319,0,0,100,NA,0,0,NA,NA,NA,NA,0,659.1471429,0,1562.364581,Lower Middle Income,1,0,NA,NA
TLS,2020,0,0,Timor-Leste,TL,1630.869385,1326053,NA,-16.20530049,84.75031025,0,1,100,NA,0,0,NA,NA,NA,NA,0,659.1471429,0,1562.364581,Lower Middle Income,1,0,NA,NA
TLS,2021,0,0,Timor-Leste,TL,2684.926768,1350139,NA,-6.593643574,99.85999942,0,1,100,NA,0,0,NA,NA,NA,NA,0,659.1471429,0,1562.364581,Lower Middle Income,1,0,NA,NA
TLS,2022,0,0,Timor-Leste,TL,2343.249547,1369295,NA,1.672485753,97.62111036,1,0,100,NA,2343.249547,100,NA,NA,NA,NA,0,659.1471429,0,1562.364581,Lower Middle Income,1,1,NA,NA
TLS,2023,0,0,Timor-Leste,TL,1502.411474,1384286,NA,5.874992691,89.30465292,1,0,100,NA,1502.411474,100,NA,NA,NA,NA,0,659.1471429,0,1562.364581,Lower Middle Income,1,1,NA,NA
TLS,2024,0,0,Timor-Leste,TL,1331.970513,1400638,NA,12.0853687,95.44850213,1,0,100,NA,1331.970513,100,NA,NA,NA,NA,0,659.1471429,0,1562.364581,Lower Middle Income,1,1,NA,NA
TON,2015,0,NA,Tonga,TO,4123.90324,106095,NA,3.373477706,81.39024109,0,0,89.79285714,NA,0,0,NA,NA,NA,NA,0,589.1171429,0,4788.833423,Upper Middle Income,1,0,NA,NA
TON,2016,0,0,Tonga,TO,3987.986262,105524,NA,3.950577133,87.77716754,0,0,89.79285714,NA,0,0,NA,NA,NA,NA,0,589.1171429,0,4788.833423,Upper Middle Income,1,0,NA,NA
TON,2017,14.29,14.29,Tonga,TO,4365.929328,105356,NA,-3.4070833,88.04349375,0,0,89.79285714,NA,0,0,NA,NA,NA,NA,14.29,589.1171429,0,4788.833423,Upper Middle Income,1,0,NA,NA
TON,2018,14.29,0,Tonga,TO,4675.047913,105567,NA,4.703011382,86.10396243,0,0,89.79285714,NA,0,0,NA,NA,NA,NA,14.29,589.1171429,0,4788.833423,Upper Middle Income,1,0,NA,NA
TON,2019,14.29,0,Tonga,TO,4788.833423,105669,NA,-1.207114572,88.0453901,0,0,89.79285714,NA,0,0,NA,NA,NA,NA,14.29,589.1171429,0,4788.833423,Upper Middle Income,1,0,NA,NA
TON,2020,14.29,0,Tonga,TO,4792.358547,105704,NA,0.754966506,81.84949889,0,1,89.79285714,NA,0,0,NA,NA,NA,NA,14.29,589.1171429,0,4788.833423,Upper Middle Income,1,0,NA,NA
TON,2021,14.29,0,Tonga,TO,4922.801714,105490,NA,0.049775545,68.5461486,0,1,89.79285714,NA,0,0,NA,NA,NA,NA,14.29,589.1171429,0,4788.833423,Upper Middle Income,1,0,NA,NA
TON,2022,12.5,-1.79,Tonga,TO,5298.019415,105042,NA,0.523176248,70.12727566,1,0,89.79285714,NA,5298.019415,89.79285714,NA,NA,NA,NA,12.5,589.1171429,0,4788.833423,Upper Middle Income,1,1,NA,NA
TON,2023,14.29,1.79,Tonga,TO,5651.593731,104597,NA,0.443573923,79.6239205,1,0,89.79285714,NA,5651.593731,89.79285714,NA,NA,NA,NA,14.29,589.1171429,0,4788.833423,Upper Middle Income,1,1,NA,NA
TON,2024,14.29,0,Tonga,TO,NA,104175,NA,NA,NA,1,0,89.79285714,NA,NA,89.79285714,NA,NA,NA,NA,14.29,589.1171429,0,4788.833423,Upper Middle Income,1,1,NA,NA
TUN,2015,2.98,NA,Tunisia,TN,4014.947737,11402264,45.18260449,2.119992606,87.24853066,0,0,96.98142857,52.29022406,0,0,0,1,952.9839551,952.3990018,2.62,565.5042857,0,3528.872133,Lower Middle Income,1,0,7,1
TUN,2016,3.2,0.22,Tunisia,TN,3847.803544,11528674,47.55480461,1.403445586,87.09266436,0,0,96.98142857,52.29022406,0,0,0,1,955.1764939,952.3990018,2.95,565.5042857,0,3528.872133,Lower Middle Income,1,0,7,1
TUN,2017,2.92,-0.28,Tunisia,TN,3619.032473,11650498,52.36213843,1.923312568,95.80919798,0,0,96.98142857,52.29022406,0,0,0,1,973.9534815,952.3990018,2.82,565.5042857,0,3528.872133,Lower Middle Income,1,0,7,1
TUN,2018,2.63,-0.29,Tunisia,TN,3628.103665,11765514,54.46107628,2.32248035,103.8718243,0,0,96.98142857,52.29022406,0,0,0,1,973.0743413,952.3990018,2.53,565.5042857,0,3528.872133,Lower Middle Income,1,0,7,1
TUN,2019,3.13,0.5,Tunisia,TN,3528.872133,11875081,57.84013778,1.9448765,102.3326147,0,0,96.98142857,52.29022406,0,0,0,1,950.6142637,952.3990018,2.81,565.5042857,0,3528.872133,Lower Middle Income,1,0,7,1
TUN,2020,3.13,0,Tunisia,TN,3548.653637,11974057,55.32361776,1.466343049,84.33332971,0,1,96.98142857,52.29022406,0,0,0,1,896.515594,952.3990018,2.9,565.5042857,0,3528.872133,Lower Middle Income,1,0,7,1
TUN,2021,3.1,-0.03,Tunisia,TN,3906.939263,12048622,53.30718906,1.162893014,93.63341407,0,1,96.98142857,52.29022406,0,0,0,1,964.474883,952.3990018,2.96,565.5042857,0,3528.872133,Lower Middle Income,1,0,7,1
TUN,2022,3.03,-0.07,Tunisia,TN,3707.292834,12119334,53.1400289,1.431591999,116.0957944,1,0,96.98142857,52.29022406,3707.292834,96.98142857,52.29022406,1,NA,952.3990018,2.98,565.5042857,0,3528.872133,Lower Middle Income,1,1,7,1
TUN,2023,3.95,0.92,Tunisia,TN,3951.116834,12200431,NA,1.463513338,112.128858,1,0,96.98142857,52.29022406,3951.116834,96.98142857,52.29022406,1,NA,952.3990018,3.9,565.5042857,0,3528.872133,Lower Middle Income,1,1,7,1
TUN,2024,4.4,0.45,Tunisia,TN,4181.137893,12277109,NA,1.479773658,106.2985492,1,0,96.98142857,52.29022406,4181.137893,96.98142857,52.29022406,1,NA,952.3990018,4.35,565.5042857,0,3528.872133,Lower Middle Income,1,1,7,1
TUR,2015,31.95,NA,Turkiye,TR,11064.64945,78218479,80.44431968,2.225752649,51.87492526,0,0,64.60142857,75.48448206,0,0,0,1,1646.836311,1771.654474,4.52,510.7157143,0,9395.23378,Upper Middle Income,0,0,NA,NA
TUR,2016,32.89,0.94,Turkiye,TR,10984.36432,79277962,77.28781811,1.588736077,48.87018381,0,0,64.60142857,75.48448206,0,0,0,1,1724.54364,1771.654474,6.04,510.7157143,0,9395.23378,Upper Middle Income,0,0,NA,NA
TUR,2017,29.34,-3.55,Turkiye,TR,10756.38777,80312698,79.17251048,1.295327008,56.13565852,0,0,64.60142857,75.48448206,0,0,0,1,1828.029868,1771.654474,6.99,510.7157143,0,9395.23378,Upper Middle Income,0,0,NA,NA
TUR,2018,32.26,2.92,Turkiye,TR,9684.118199,81407204,75.83164799,1.579233802,62.82513239,0,0,64.60142857,75.48448206,0,0,0,1,1771.337429,1771.654474,9.22,510.7157143,0,9395.23378,Upper Middle Income,0,0,NA,NA
TUR,2019,43.8,11.54,Turkiye,TR,9395.23378,82579440,72.19736329,1.225360762,62.57845893,0,0,64.60142857,75.48448206,0,0,0,1,1774.196257,1771.654474,10.4,510.7157143,0,9395.23378,Upper Middle Income,0,0,NA,NA
TUR,2020,42.17,-1.63,Turkiye,TR,8798.117917,83384680,71.33300268,1.025314937,60.38985312,0,1,64.60142857,75.48448206,0,0,0,1,1762.010622,1771.654474,11.86,510.7157143,0,9395.23378,Upper Middle Income,0,0,NA,NA
TUR,2021,35.4,-6.77,Turkiye,TR,9981.763984,84147318,72.12471215,1.508919696,69.60889761,0,1,64.60142857,75.48448206,0,0,0,1,1894.627193,1771.654474,13.51,510.7157143,0,9395.23378,Upper Middle Income,0,0,NA,NA
TUR,2022,41.91,6.51,Turkiye,TR,10897.83979,84979913,72.70412972,1.488396237,79.89827223,1,0,64.60142857,75.48448206,10897.83979,64.60142857,75.48448206,1,NA,1771.654474,15.55,510.7157143,0,9395.23378,Upper Middle Income,0,0,NA,NA
TUR,2023,42.01,0.1,Turkiye,TR,13375.09473,85325965,71.99286005,0.933806496,65.68320847,1,0,64.60142857,75.48448206,13375.09473,64.60142857,75.48448206,1,NA,1771.654474,16.34,510.7157143,0,9395.23378,Upper Middle Income,0,0,NA,NA
TUR,2024,45.61,3.6,Turkiye,TR,15892.71573,85518661,NA,0.860701598,54.59880612,1,0,64.60142857,75.48448206,15892.71573,64.60142857,75.48448206,1,NA,1771.654474,18.23,510.7157143,0,9395.23378,Upper Middle Income,0,0,NA,NA
TZA,2015,33.54,NA,Tanzania,TZ,939.1273193,52020962,14.63767085,3.176334928,40.75768088,0,0,64.60857143,13.45938972,0,0,0,1,420.0731274,409.979136,0.31,333.8114286,0,1063.32251,Low Income,0,0,3,1
TZA,2016,36.22,2.68,Tanzania,TZ,953.0107422,53824013,14.07912647,1.73591211,35.4204704,0,0,64.60857143,13.45938972,0,0,0,1,416.6573892,409.979136,0.44,333.8114286,0,1063.32251,Low Income,0,0,3,1
TZA,2017,34.8,-1.42,Tanzania,TZ,986.6740112,55652890,12.901648,1.760116438,33.11259199,0,0,64.60857143,13.45938972,0,0,0,1,406.5825861,409.979136,0.57,333.8114286,0,1063.32251,Low Income,0,0,3,1
TZA,2018,31.74,-3.06,Tanzania,TZ,1023.106262,57437145,12.79061247,1.704409795,32.6426099,0,0,64.60857143,13.45938972,0,0,0,1,403.2463055,409.979136,0.41,333.8114286,0,1063.32251,Low Income,0,0,3,1
TZA,2019,33.21,1.47,Tanzania,TZ,1063.32251,59174891,13.13683546,1.99459354,33.01858925,0,0,64.60857143,13.45938972,0,0,0,1,414.6998025,409.979136,0.39,333.8114286,0,1063.32251,Low Income,0,0,3,1
TZA,2020,41.37,8.16,Tanzania,TZ,1117.415283,60972798,12.95230573,1.428459652,27.9630152,0,1,64.60857143,13.45938972,0,0,0,1,404.414101,409.979136,0.38,333.8114286,0,1063.32251,Low Income,0,0,3,1
TZA,2021,36.88,-4.49,Tanzania,TZ,1159.856567,62830412,13.71752903,1.684943479,29.91518401,0,1,64.60857143,13.45938972,0,0,0,1,404.1806403,409.979136,0.35,333.8114286,0,1063.32251,Low Income,0,0,3,1
TZA,2022,30.35,-6.53,Tanzania,TZ,1207.52063,64711821,12.93385625,1.897811004,35.00345171,1,0,64.60857143,13.45938972,1207.52063,64.60857143,13.45938972,1,NA,409.979136,0.31,333.8114286,0,1063.32251,Low Income,0,0,3,1
TZA,2023,26.48,-3.87,Tanzania,TZ,1224.002197,66617606,NA,2.08641571,38.21203481,1,0,64.60857143,13.45938972,1224.002197,64.60857143,13.45938972,1,NA,409.979136,0.28,333.8114286,0,1063.32251,Low Income,0,0,3,1
TZA,2024,32.91,6.43,Tanzania,TZ,1186.716919,68560157,NA,2.178436328,41.51312072,1,0,64.60857143,13.45938972,1186.716919,64.60857143,13.45938972,1,NA,409.979136,0.45,333.8114286,0,1063.32251,Low Income,0,0,3,1
UGA,2015,97.75,NA,Uganda,UG,862.9346104,37531446,9.169311747,2.277605075,37.68929833,0,0,3.044285714,20.32841014,0,0,0,1,470.5261069,470.7594838,0.85,58.17285714,1,822.17115,Low Income,0,0,-1,0
UGA,2016,98.14,0.39,Uganda,UG,752.6965717,38799152,22.04803319,2.142530489,31.20936202,0,0,3.044285714,20.32841014,0,0,0,1,473.5777428,470.7594838,1.06,58.17285714,1,822.17115,Low Income,0,0,-1,0
UGA,2017,98.16,0.02,Uganda,UG,765.2183323,40177388,21.77511339,2.61088918,36.83705293,0,0,3.044285714,20.32841014,0,0,0,1,468.5304292,470.7594838,1.59,58.17285714,1,822.17115,Low Income,0,0,-1,0
UGA,2018,92.79,-5.37,Uganda,UG,792.1657002,41565831,22.1222212,3.205128106,36.6384056,0,0,3.044285714,20.32841014,0,0,0,1,468.498654,470.7594838,1.63,58.17285714,1,822.17115,Low Income,0,0,-1,0
UGA,2019,96.95,4.16,Uganda,UG,822.17115,42999637,22.0005147,3.685692182,39.36105396,0,0,3.044285714,20.32841014,0,0,0,1,455.4268685,470.7594838,2.84,58.17285714,1,822.17115,Low Income,0,0,-1,0
UGA,2020,97.39,0.44,Uganda,UG,845.7664639,44457152,24.09911183,3.168813178,37.00069239,0,1,3.044285714,20.32841014,0,0,0,1,475.329485,470.7594838,3.04,58.17285714,1,822.17115,Low Income,0,0,-1,0
UGA,2021,97.54,0.15,Uganda,UG,882.7917175,45910930,21.0845649,4.066737858,41.71363074,0,1,3.044285714,20.32841014,0,0,0,1,483.4271001,470.7594838,2.47,58.17285714,1,822.17115,Low Income,0,0,-1,0
UGA,2022,97.39,-0.15,Uganda,UG,963.0673141,47312719,20.48951502,6.480676163,34.50530193,1,0,3.044285714,20.32841014,963.0673141,3.044285714,20.32841014,1,NA,470.7594838,2.61,58.17285714,1,822.17115,Low Income,0,0,-1,0
UGA,2023,97.06,-0.33,Uganda,UG,1002.309139,48656601,NA,6.138165019,33.34169633,1,0,3.044285714,20.32841014,1002.309139,3.044285714,20.32841014,1,NA,470.7594838,2.6,58.17285714,1,822.17115,Low Income,0,0,-1,0
UGA,2024,97.08,0.02,Uganda,UG,1077.912785,50015092,NA,6.041704658,42.65278891,1,0,3.044285714,20.32841014,1077.912785,3.044285714,20.32841014,1,NA,470.7594838,2.93,58.17285714,1,822.17115,Low Income,0,0,-1,0
UZB,2015,11.88,NA,Uzbekistan,UZ,2803.19018,30749346,-21.65159844,1.207940152,30.75619143,0,0,89.89857143,-14.23625867,0,0,0,0,1167.293851,1288.101051,0,1125.827143,0,2041.384807,Lower Middle Income,1,0,-9,0
UZB,2016,11.68,-0.2,Uzbekistan,UZ,2753.379514,31284568,-19.25029396,1.930484664,29.19229704,0,0,89.89857143,-14.23625867,0,0,0,0,1211.946085,1288.101051,0,1125.827143,0,2041.384807,Lower Middle Income,1,0,-9,0
UZB,2017,13.05,1.37,Uzbekistan,UZ,2190.604116,31819178,-15.47089203,2.579937363,42.55950819,0,0,89.89857143,-14.23625867,0,0,0,0,1255.977546,1288.101051,0.02,1125.827143,0,2041.384807,Lower Middle Income,1,0,-9,0
UZB,2018,9.36,-3.69,Uzbekistan,UZ,1813.085308,32373490,-25.34153738,1.064276287,64.1381395,0,0,89.89857143,-14.23625867,0,0,0,0,1276.085329,1288.101051,0.02,1125.827143,0,2041.384807,Lower Middle Income,1,0,-9,0
UZB,2019,10.18,0.82,Uzbekistan,UZ,2041.384807,32964701,-19.67985667,3.442350524,64.96392276,0,0,89.89857143,-14.23625867,0,0,0,0,1289.078176,1288.101051,0.02,1125.827143,0,2041.384807,Lower Middle Income,1,0,-9,0
UZB,2020,7.54,-2.64,Uzbekistan,UZ,1978.280519,33586372,1.019314886,2.601088036,56.05153083,0,1,89.89857143,-14.23625867,0,0,0,0,1351.141236,1288.101051,0.02,1125.827143,0,2041.384807,Lower Middle Income,1,0,-9,0
UZB,2021,7.03,-0.51,Uzbekistan,UZ,2258.519641,34243696,0.721052917,2.94839501,57.4589717,0,1,89.89857143,-14.23625867,0,0,0,0,1465.185135,1288.101051,0.07,1125.827143,0,2041.384807,Lower Middle Income,1,0,-9,0
UZB,2022,9.22,2.19,Uzbekistan,UZ,2578.666894,34938955,1.547589541,2.949474484,62.84125254,1,0,89.89857143,-14.23625867,2578.666894,89.89857143,-14.23625867,0,NA,1288.101051,0.59,1125.827143,0,2041.384807,Lower Middle Income,1,1,-9,0
UZB,2023,9.9,0.68,Uzbekistan,UZ,2878.968793,35652307,NA,2.100849024,66.1051443,1,0,89.89857143,-14.23625867,2878.968793,89.89857143,-14.23625867,0,NA,1288.101051,1.31,1125.827143,0,2041.384807,Lower Middle Income,1,1,-9,0
UZB,2024,15.95,6.05,Uzbekistan,UZ,3161.700106,36361859,NA,2.59727032,60.72744038,1,0,89.89857143,-14.23625867,3161.700106,89.89857143,-14.23625867,0,NA,1288.101051,5.89,1125.827143,0,2041.384807,Lower Middle Income,1,1,-9,0
VCT,2015,13.33,NA,St. Vincent and the Grenadines,VC,7353.735561,106960,NA,15.74958146,NA,0,0,86.65142857,NA,0,0,NA,NA,NA,NA,0,590.5614286,0,8740.594252,Upper Middle Income,1,0,NA,NA
VCT,2016,12.5,-0.83,St. Vincent and the Grenadines,VC,7656.900429,106349,NA,8.660745122,NA,0,0,86.65142857,NA,0,0,NA,NA,NA,NA,0,590.5614286,0,8740.594252,Upper Middle Income,1,0,NA,NA
VCT,2017,13.33,0.83,St. Vincent and the Grenadines,VC,7988.04445,105663,NA,19.59539707,NA,0,0,86.65142857,NA,0,0,NA,NA,NA,NA,0,590.5614286,0,8740.594252,Upper Middle Income,1,0,NA,NA
VCT,2018,13.33,0,St. Vincent and the Grenadines,VC,8428.126772,104926,NA,4.524123833,NA,0,0,86.65142857,NA,0,0,NA,NA,NA,NA,0,590.5614286,0,8740.594252,Upper Middle Income,1,0,NA,NA
VCT,2019,13.33,0,St. Vincent and the Grenadines,VC,8740.594252,104167,NA,7.560656389,NA,0,0,86.65142857,NA,0,0,NA,NA,NA,NA,0,590.5614286,0,8740.594252,Upper Middle Income,1,0,NA,NA
VCT,2020,13.33,0,St. Vincent and the Grenadines,VC,8351.20324,103526,NA,7.546471878,NA,0,1,86.65142857,NA,0,0,NA,NA,NA,NA,0,590.5614286,0,8740.594252,Upper Middle Income,1,0,NA,NA
VCT,2021,14.29,0.96,St. Vincent and the Grenadines,VC,8641.27904,102841,NA,18.89159938,NA,0,1,86.65142857,NA,0,0,NA,NA,NA,NA,0,590.5614286,0,8740.594252,Upper Middle Income,1,0,NA,NA
VCT,2022,13.33,-0.96,St. Vincent and the Grenadines,VC,9693.558678,102046,NA,6.595147165,NA,1,0,86.65142857,NA,9693.558678,86.65142857,NA,NA,NA,NA,0,590.5614286,0,8740.594252,Upper Middle Income,1,1,NA,NA
VCT,2023,13.33,0,St. Vincent and the Grenadines,VC,10582.36567,101323,NA,6.886124648,NA,1,0,86.65142857,NA,10582.36567,86.65142857,NA,NA,NA,NA,0,590.5614286,0,8740.594252,Upper Middle Income,1,1,NA,NA
VCT,2024,13.33,0,St. Vincent and the Grenadines,VC,11501.22652,100616,NA,12.00603141,NA,1,0,86.65142857,NA,11501.22652,86.65142857,NA,NA,NA,NA,0,590.5614286,0,8740.594252,Upper Middle Income,1,1,NA,NA
VNM,2015,34.78,NA,Viet Nam,VN,2577.568853,92823254,8.250979816,4.931907733,144.9142282,0,0,62.60142857,27.09360312,0,0,0,1,679.445924,857.457787,0.08,491.9428571,0,3440.900254,Lower Middle Income,0,0,NA,NA
VNM,2016,35.88,1.1,Viet Nam,VN,2735.060438,94000117,16.01612417,4.900893029,145.409508,0,0,62.60142857,27.09360312,0,0,0,1,738.8795334,857.457787,0.12,491.9428571,0,3440.900254,Lower Middle Income,0,0,NA,NA
VNM,2017,44.44,8.56,Viet Nam,VN,2956.109921,95176977,18.92780389,5.011487217,160.9800837,0,0,62.60142857,27.09360312,0,0,0,1,757.4799799,857.457787,0.19,491.9428571,0,3440.900254,Lower Middle Income,0,0,NA,NA
VNM,2018,38.72,-5.72,Viet Nam,VN,3222.310031,96237319,26.85300987,4.998283196,164.6639368,0,0,62.60142857,27.09360312,0,0,0,1,885.6468418,857.457787,0.24,491.9428571,0,3440.900254,Lower Middle Income,0,0,NA,NA
VNM,2019,30.39,-8.33,Viet Nam,VN,3440.900254,97173776,39.2070478,4.821074861,164.704215,0,0,62.60142857,27.09360312,0,0,0,1,987.2714724,857.457787,2.33,491.9428571,0,3440.900254,Lower Middle Income,0,0,NA,NA
VNM,2020,34.81,4.42,Viet Nam,VN,3534.039535,98079191,46.42528565,4.558361968,163.2458628,0,1,62.60142857,27.09360312,0,0,0,1,991.2812325,857.457787,4.81,491.9428571,0,3440.900254,Lower Middle Income,0,0,NA,NA
VNM,2021,42.78,7.97,Viet Nam,VN,3704.193559,98935098,33.97497063,4.273145662,186.6758328,0,1,62.60142857,27.09360312,0,0,0,1,962.1995249,857.457787,11.63,491.9428571,0,3440.900254,Lower Middle Income,0,0,NA,NA
VNM,2022,49.46,6.68,Viet Nam,VN,4147.697772,99680655,33.99919478,4.329473089,183.1536191,1,0,62.60142857,27.09360312,4147.697772,62.60142857,27.09360312,1,NA,857.457787,13.14,491.9428571,0,3440.900254,Lower Middle Income,0,0,NA,NA
VNM,2023,42.94,-6.52,Viet Nam,VN,4323.35032,100352192,NA,4.264071098,164.8180713,1,0,62.60142857,27.09360312,4323.35032,62.60142857,27.09360312,1,NA,857.457787,13.48,491.9428571,0,3440.900254,Lower Middle Income,0,0,NA,NA
VNM,2024,42.28,-0.66,Viet Nam,VN,4717.290287,100987686,NA,4.233941713,173.8620248,1,0,62.60142857,27.09360312,4717.290287,62.60142857,27.09360312,1,NA,857.457787,12.72,491.9428571,0,3440.900254,Lower Middle Income,0,0,NA,NA
VUT,2015,16.67,NA,Vanuatu,VU,2854.894123,266101,NA,4.083407493,108.7586657,0,0,78.91142857,NA,0,0,NA,NA,NA,NA,16.67,518.14,0,3207.446505,Lower Middle Income,0,0,NA,NA
VUT,2016,14.29,-2.38,Vanuatu,VU,2956.126448,272087,NA,5.49263638,106.3519353,0,0,78.91142857,NA,0,0,NA,NA,NA,NA,14.29,518.14,0,3207.446505,Lower Middle Income,0,0,NA,NA
VUT,2017,0,-14.29,Vanuatu,VU,3159.860558,278507,NA,4.343273887,105.5265737,0,0,78.91142857,NA,0,0,NA,NA,NA,NA,0,518.14,0,3207.446505,Lower Middle Income,0,0,NA,NA
VUT,2018,25,25,Vanuatu,VU,3206.657487,285259,NA,4.108704685,110.6796598,0,0,78.91142857,NA,0,0,NA,NA,NA,NA,12.5,518.14,0,3207.446505,Lower Middle Income,0,0,NA,NA
VUT,2019,33.33,8.33,Vanuatu,VU,3207.446505,291985,NA,5.643187386,99.38296882,0,0,78.91142857,NA,0,0,NA,NA,NA,NA,22.22,518.14,0,3207.446505,Lower Middle Income,0,0,NA,NA
VUT,2020,33.33,0,Vanuatu,VU,3042.987116,298858,NA,4.525841593,69.91489483,0,1,78.91142857,NA,0,0,NA,NA,NA,NA,22.22,518.14,0,3207.446505,Lower Middle Income,0,0,NA,NA
VUT,2021,25,-8.33,Vanuatu,VU,3107.203129,305868,NA,4.530281025,59.95212597,0,1,78.91142857,NA,0,0,NA,NA,NA,NA,12.5,518.14,0,3207.446505,Lower Middle Income,0,0,NA,NA
VUT,2022,25,0,Vanuatu,VU,3370.21192,313046,NA,1.013712352,63.59961217,1,0,78.91142857,NA,3370.21192,78.91142857,NA,NA,NA,NA,12.5,518.14,0,3207.446505,Lower Middle Income,0,0,NA,NA
VUT,2023,25,0,Vanuatu,VU,3482.614582,320409,NA,0.830618647,NA,1,0,78.91142857,NA,3482.614582,78.91142857,NA,NA,NA,NA,12.5,518.14,0,3207.446505,Lower Middle Income,0,0,NA,NA
WSM,2015,30.77,NA,Samoa,WS,4084.360838,201782,NA,3.26002743,74.63435456,0,0,62.50285714,NA,0,0,NA,NA,NA,NA,7.69,417.0442857,0,4351.942349,Lower Middle Income,0,0,NA,NA
WSM,2016,33.33,2.56,Samoa,WS,4147.070977,203499,NA,0.298684613,75.21181717,0,0,62.50285714,NA,0,0,NA,NA,NA,NA,13.33,417.0442857,0,4351.942349,Lower Middle Income,0,0,NA,NA
WSM,2017,31.25,-2.08,Samoa,WS,4307.59382,205415,NA,1.041468076,74.01108503,0,0,62.50285714,NA,0,0,NA,NA,NA,NA,12.5,417.0442857,0,4351.942349,Lower Middle Income,0,0,NA,NA
WSM,2018,40,8.75,Samoa,WS,4231.814095,207582,NA,1.902610356,78.93496762,0,0,62.50285714,NA,0,0,NA,NA,NA,NA,13.33,417.0442857,0,4351.942349,Lower Middle Income,0,0,NA,NA
WSM,2019,41.17,1.17,Samoa,WS,4351.942349,209780,NA,-0.238656492,83.33108204,0,0,62.50285714,NA,0,0,NA,NA,NA,NA,11.76,417.0442857,0,4351.942349,Lower Middle Income,0,0,NA,NA
WSM,2020,38.89,-2.28,Samoa,WS,4099.596605,211944,NA,0.509397965,77.48480062,0,1,62.50285714,NA,0,0,NA,NA,NA,NA,11.11,417.0442857,0,4351.942349,Lower Middle Income,0,0,NA,NA
WSM,2021,47.05,8.16,Samoa,WS,4021.559349,213779,NA,1.040905559,59.76977919,0,1,62.50285714,NA,0,0,NA,NA,NA,NA,11.76,417.0442857,0,4351.942349,Lower Middle Income,0,0,NA,NA
WSM,2022,43.75,-3.3,Samoa,WS,4132.447177,215261,NA,0.539647017,60.84777965,1,0,62.50285714,NA,4132.447177,62.50285714,NA,NA,NA,NA,12.5,417.0442857,0,4351.942349,Lower Middle Income,0,0,NA,NA
WSM,2023,40,-3.75,Samoa,WS,4822.740847,216663,NA,0.229294018,80.84051252,1,0,62.50285714,NA,4822.740847,62.50285714,NA,NA,NA,NA,13.33,417.0442857,0,4351.942349,Lower Middle Income,0,0,NA,NA
WSM,2024,43.75,3.75,Samoa,WS,5392.877619,218019,NA,0.318181346,79.52414618,1,0,62.50285714,NA,5392.877619,62.50285714,NA,NA,NA,NA,18.75,417.0442857,0,4351.942349,Lower Middle Income,0,0,NA,NA
XKX,2015,2.29,NA,Kosovo,XK,3520.628507,1788274,NA,5.453603511,74.02044225,0,0,95.52,NA,0,0,NA,NA,NA,NA,0,966.1571429,0,4415.99923,Lower Middle Income,1,0,8,1
XKX,2016,4.18,1.89,Kosovo,XK,3759.449591,1777568,NA,3.648046054,75.01881231,0,0,95.52,NA,0,0,NA,NA,NA,NA,0,966.1571429,0,4415.99923,Lower Middle Income,1,0,8,1
XKX,2017,3.04,-1.14,Kosovo,XK,4009.320221,1791019,NA,3.994491738,80.41013735,0,0,95.52,NA,0,0,NA,NA,NA,NA,0,966.1571429,0,4415.99923,Lower Middle Income,1,0,8,1
XKX,2018,5.08,2.04,Kosovo,XK,4384.187964,1797086,NA,4.043058525,86.31508467,0,0,95.52,NA,0,0,NA,NA,NA,NA,0.51,966.1571429,0,4415.99923,Lower Middle Income,1,0,8,1
XKX,2019,4.89,-0.19,Kosovo,XK,4415.99923,1788891,NA,3.608745416,85.75340851,0,0,95.52,NA,0,0,NA,NA,NA,NA,1.58,966.1571429,0,4415.99923,Lower Middle Income,1,0,8,1
XKX,2020,5.37,0.48,Kosovo,XK,4310.889638,1790151,NA,5.113618217,75.60801713,0,1,95.52,NA,0,0,NA,NA,NA,NA,1.49,966.1571429,0,4415.99923,Lower Middle Income,1,0,8,1
XKX,2021,6.51,1.14,Kosovo,XK,5270.432369,1786079,NA,5.321429951,98.63843049,0,1,95.52,NA,0,0,NA,NA,NA,NA,2.17,966.1571429,0,4415.99923,Lower Middle Income,1,0,8,1
XKX,2022,6.51,0,Kosovo,XK,5290.950065,1768096,NA,8.168571409,110.0120316,1,0,95.52,NA,5290.950065,95.52,NA,NA,NA,NA,2.17,966.1571429,0,4415.99923,Lower Middle Income,1,1,8,1
XKX,2023,12.62,6.11,Kosovo,XK,6221.206188,1682668,NA,8.680158704,109.9518516,1,0,95.52,NA,6221.206188,95.52,NA,NA,NA,NA,6.47,966.1571429,0,4415.99923,Lower Middle Income,1,1,8,1
XKX,2024,8.59,-4.03,Kosovo,XK,7023.065985,1594353,NA,7.678774917,113.789652,1,0,95.52,NA,7023.065985,95.52,NA,NA,NA,NA,5.48,966.1571429,0,4415.99923,Lower Middle Income,1,1,8,1
YEM,2015,2.08,NA,"Yemen, Rep.",YE,1362.173812,31159379,-8.034265565,-0.036388253,30.36765908,0,0,89.67857143,-13.64132475,0,0,0,0,119.9940934,156.5821833,2.08,631.4242857,0,NA,NA,1,0,NA,NA
YEM,2016,3.33,1.25,"Yemen, Rep.",YE,975.359417,32109010,47.9634537,-1.79131212,31.08154429,0,0,89.67857143,-13.64132475,0,0,0,0,71.68796421,156.5821833,3.33,631.4242857,0,NA,NA,1,0,NA,NA
YEM,2017,4.69,1.36,"Yemen, Rep.",YE,811.1659704,33090921,-15.5430073,-1.005318893,42.96990467,0,0,89.67857143,-13.64132475,0,0,0,0,150.5704988,156.5821833,4.69,631.4242857,0,NA,NA,1,0,NA,NA
YEM,2018,13.75,9.06,"Yemen, Rep.",YE,633.8872025,34085182,-26.1582414,-1.305638398,56.07782272,0,0,89.67857143,-13.64132475,0,0,0,0,204.2354506,156.5821833,13.75,631.4242857,0,NA,NA,1,0,NA,NA
YEM,2019,14.63,0.88,"Yemen, Rep.",YE,NA,35111408,-27.72680564,NA,NA,0,0,89.67857143,-13.64132475,NA,0,0,0,199.2218698,156.5821833,14.63,631.4242857,0,NA,NA,1,0,NA,NA
YEM,2020,16.67,2.04,"Yemen, Rep.",YE,NA,36134863,-34.79494301,NA,NA,0,1,89.67857143,-13.64132475,NA,0,0,0,183.5402338,156.5821833,16.67,631.4242857,0,NA,NA,1,0,NA,NA
YEM,2021,17.12,0.45,"Yemen, Rep.",YE,NA,37140230,-31.19546405,NA,NA,0,1,89.67857143,-13.64132475,NA,0,0,0,166.8251728,156.5821833,17.12,631.4242857,0,NA,NA,1,0,NA,NA
YEM,2022,16.83,-0.29,"Yemen, Rep.",YE,NA,38222876,-11.04666443,NA,NA,1,0,89.67857143,-13.64132475,NA,89.67857143,-13.64132475,0,NA,156.5821833,16.83,631.4242857,0,NA,NA,1,1,NA,NA
YEM,2023,10.16,-6.67,"Yemen, Rep.",YE,NA,39390799,NA,NA,NA,1,0,89.67857143,-13.64132475,NA,89.67857143,-13.64132475,0,NA,156.5821833,10.16,631.4242857,0,NA,NA,1,1,NA,NA
YEM,2024,11.24,1.08,"Yemen, Rep.",YE,NA,40583164,NA,NA,NA,1,0,89.67857143,-13.64132475,NA,89.67857143,-13.64132475,0,NA,156.5821833,11.24,631.4242857,0,NA,NA,1,1,NA,NA
ZAF,2015,2.61,NA,South Africa,ZA,6112.273825,56723537,-17.66579351,0.438735792,56.72667614,0,0,89.99714286,-15.24908226,0,0,0,0,2257.194676,2204.470755,2.19,768.9814286,0,6533.71121,Upper Middle Income,1,0,9,1
ZAF,2016,3.24,0.63,South Africa,ZA,5651.205852,57259551,-14.30662692,0.684612553,55.8612575,0,0,89.99714286,-15.24908226,0,0,0,0,2311.769019,2204.470755,2.86,768.9814286,0,6533.71121,Upper Middle Income,1,0,9,1
ZAF,2017,4.75,1.51,South Africa,ZA,6618.335083,57635162,-15.42684381,0.539673957,53.53593183,0,0,89.99714286,-15.24908226,0,0,0,0,2283.458154,2204.470755,4.29,768.9814286,0,6533.71121,Upper Middle Income,1,0,9,1
ZAF,2018,4.87,0.12,South Africa,ZA,6914.178032,58613001,-17.08162135,1.374291172,54.48554513,0,0,89.99714286,-15.24908226,0,0,0,0,2184.877776,2204.470755,4.27,768.9814286,0,6533.71121,Upper Middle Income,1,0,9,1
ZAF,2019,5.21,0.34,South Africa,ZA,6533.71121,59587885,-13.28038292,1.314077523,53.89799641,0,0,89.99714286,-15.24908226,0,0,0,0,2231.910747,2204.470755,4.75,768.9814286,0,6533.71121,Upper Middle Income,1,0,9,1
ZAF,2020,6.34,1.13,South Africa,ZA,5580.603831,60562381,-19.0992445,0.933073684,50.75965908,0,1,89.99714286,-15.24908226,0,0,0,0,2037.461942,2204.470755,5.56,768.9814286,0,6533.71121,Upper Middle Income,1,0,9,1
ZAF,2021,7.7,1.36,South Africa,ZA,6828.756246,61502603,-9.883062795,9.680980227,56.16471363,0,1,89.99714286,-15.24908226,0,0,0,0,2124.622974,2204.470755,6.71,768.9814286,0,6533.71121,Upper Middle Income,1,0,9,1
ZAF,2022,9.88,2.18,South Africa,ZA,6534.248678,62378410,-14.14842491,2.266702777,64.9471344,1,0,89.99714286,-15.24908226,6534.248678,89.99714286,-15.24908226,0,NA,2204.470755,8.43,768.9814286,0,6533.71121,Upper Middle Income,1,1,9,1
ZAF,2023,12.4,2.52,South Africa,ZA,6034.27209,63212384,-12.50729961,1.012737792,65.67987597,1,0,89.99714286,-15.24908226,6034.27209,89.99714286,-15.24908226,0,NA,2204.470755,11.34,768.9814286,0,6533.71121,Upper Middle Income,1,1,9,1
ZAF,2024,12.5,0.1,South Africa,ZA,6267.186814,64007187,NA,0.58089171,61.64677047,1,0,89.99714286,-15.24908226,6267.186814,89.99714286,-15.24908226,0,NA,2204.470755,11.87,768.9814286,0,6533.71121,Upper Middle Income,1,1,9,1
ZMB,2015,97.04,NA,Zambia,ZM,1295.877887,16399089,12.86523408,7.44741669,79.86526876,0,0,10.79428571,10.84745911,0,0,0,1,686.1316901,723.34713,0,105.0757143,1,1258.986198,Lower Middle Income,0,0,6.25,1
ZMB,2016,94.31,-2.73,Zambia,ZM,1239.085279,16914423,12.93361256,3.162519748,73.95856125,0,0,10.79428571,10.84745911,0,0,0,1,682.9926551,723.34713,0,105.0757143,1,1258.986198,Lower Middle Income,0,0,6.25,1
ZMB,2017,86.33,-7.98,Zambia,ZM,1483.465773,17441320,10.87901659,4.280501171,71.58569465,0,0,10.79428571,10.84745911,0,0,0,1,701.8374541,723.34713,0,105.0757143,1,1258.986198,Lower Middle Income,0,0,6.25,1
ZMB,2018,84.64,-1.69,Zambia,ZM,1463.899979,17973569,9.335838109,1.552318867,74.88836953,0,0,10.79428571,10.84745911,0,0,0,1,725.3453668,723.34713,0,105.0757143,1,1258.986198,Lower Middle Income,0,0,6.25,1
ZMB,2019,84.65,0.01,Zambia,ZM,1258.986198,18513839,11.17533987,2.350919043,68.79120494,0,0,10.79428571,10.84745911,0,0,0,1,740.7796239,723.34713,0.81,105.0757143,1,1258.986198,Lower Middle Income,0,0,6.25,1
ZMB,2020,85.49,0.84,Zambia,ZM,951.6443167,19059395,9.007172057,1.351905774,79.20684941,0,1,10.79428571,10.84745911,0,0,0,1,757.4788177,723.34713,0.98,105.0757143,1,1258.986198,Lower Middle Income,0,0,6.25,1
ZMB,2021,91.99,6.5,Zambia,ZM,1127.160779,19603607,9.736000494,1.784078461,86.20851119,0,1,10.79428571,10.84745911,0,0,0,1,768.8643021,723.34713,0.85,105.0757143,1,1258.986198,Lower Middle Income,0,0,6.25,1
ZMB,2022,88.91,-3.08,Zambia,ZM,1447.123101,20152938,9.030018651,-0.223286755,69.29731542,1,0,10.79428571,10.84745911,1447.123101,10.79428571,10.84745911,1,NA,723.34713,0.72,105.0757143,1,1258.986198,Lower Middle Income,0,0,6.25,1
ZMB,2023,89,0.09,Zambia,ZM,1330.727806,20723965,NA,2.324653356,78.24188705,1,0,10.79428571,10.84745911,1330.727806,10.79428571,10.84745911,1,NA,723.34713,0.77,105.0757143,1,1258.986198,Lower Middle Income,0,0,6.25,1
ZMB,2024,87.48,-1.52,Zambia,ZM,1187.109434,21314956,NA,9.324377897,62.53488741,1,0,10.79428571,10.84745911,1187.109434,10.79428571,10.84745911,1,NA,723.34713,0.86,105.0757143,1,1258.986198,Lower Middle Income,0,0,6.25,1
ZWE,2015,52.55,NA,Zimbabwe,ZW,1387.126326,14399013,18.29515367,1.998673225,56.74965266,0,0,44.46142857,18.96875425,0,0,0,1,453.5845193,424.5769098,0.1,396.8271429,0,2184.329239,Lower Middle Income,0,0,4,1
ZWE,2016,44.91,-7.64,Zimbabwe,ZW,1408.139453,14600294,20.51552649,1.668415985,51.21903766,0,0,44.46142857,18.96875425,0,0,0,1,423.264032,424.5769098,0.14,396.8271429,0,2184.329239,Lower Middle Income,0,0,4,1
ZWE,2017,54.7,9.79,Zimbabwe,ZW,3445.44941,14812482,22.2271727,0.601908067,55.02831783,0,0,44.46142857,18.96875425,0,0,0,1,413.6872393,424.5769098,0.13,396.8271429,0,2184.329239,Lower Middle Income,0,0,4,1
ZWE,2018,55.67,0.97,Zimbabwe,ZW,2270.895319,15034452,23.86866081,1.21217685,54.55031659,0,0,44.46142857,18.96875425,0,0,0,1,441.9024614,424.5769098,0.11,396.8271429,0,2184.329239,Lower Middle Income,0,0,4,1
ZWE,2019,51.65,-4.02,Zimbabwe,ZW,2184.329239,15271368,21.20016241,0.748473074,46.10654427,0,0,44.46142857,18.96875425,0,0,0,1,439.6763755,424.5769098,0.24,396.8271429,0,2184.329239,Lower Middle Income,0,0,4,1
ZWE,2020,58.57,6.92,Zimbabwe,ZW,2059.674454,15526888,17.35202313,0.470482158,40.17840622,0,1,44.46142857,18.96875425,0,0,0,1,394.9192407,424.5769098,0.3,396.8271429,0,2184.329239,Lower Middle Income,0,0,4,1
ZWE,2021,70.7,12.13,Zimbabwe,ZW,2613.605421,15797210,9.322580525,0.575184665,44.11455949,0,1,44.46142857,18.96875425,0,0,0,1,405.0045007,424.5769098,0.23,396.8271429,0,2184.329239,Lower Middle Income,0,0,4,1
ZWE,2022,67.34,-3.36,Zimbabwe,ZW,2536.400502,16069056,16.97571279,0.826254039,55.06735225,1,0,44.46142857,18.96875425,2536.400502,44.46142857,18.96875425,1,NA,424.5769098,0.34,396.8271429,0,2184.329239,Lower Middle Income,0,0,4,1
ZWE,2023,56.15,-11.19,Zimbabwe,ZW,2195.224921,16340822,NA,1.684321228,40.2912612,1,0,44.46142857,18.96875425,2195.224921,44.46142857,18.96875425,1,NA,424.5769098,0.3,396.8271429,0,2184.329239,Lower Middle Income,0,0,4,1
ZWE,2024,57.12,0.97,Zimbabwe,ZW,2497.203322,16634373,NA,1.120461227,41.48653127,1,0,44.46142857,18.96875425,2497.203322,44.46142857,18.96875425,1,NA,424.5769098,0.39,396.8271429,0,2184.329239,Lower Middle Income,0,0,4,1
